1 bedroom flats,,,,,,,,,,,,,,,,,,,,,,,,,,,,,,,,,,,,,,,,,,,,,,,,,,,,,,,,,,,,,,,,,,,,,,,,,,,,,,,,,,,,,,,,,,,,,,,,,,,,,,,,,,,,,,,,,,,,,,,,,,,,,,,,,,,,,,,,,,,,,,,,,,,,,,,,,,,,,,,,,,,,,,,,,,,,,
,,Jun 1999,,Sep 1999,,Dec 1999,,Mar 2000,,Jun 2000,,Sep 2000,,Dec 2000,,Mar 2001,,Jun 2001,,Sep 2001,,Dec 2001,,Mar 2002,,Jun 2002,,Sep 2002,,Dec 2003,,Mar 2003,,Jun 2003,,Sep 2003,,Dec 2003,,Mar 2004,,Jun 2004,,Sep 2004,,Dec 2004,,Mar 2005,,Jun 2005,,Sep 2005,,Dec 2005,,Mar 2006,,Jun 2006,,Sep 2006,,Dec 2006,,Mar 2007,,Jun 2007,,Sep 2007,,Dec 2007,,Mar 2008,,Jun 2008,,Sep 2008,,Dec 2008,,Mar 2009,,Jun 2009,,Sep 2009,,Dec 2009,,Mar 2010,,Jun 2010,,Sep 2010,,Dec 2010,,Mar 2011,,Jun 2011,,Sep 2011,,Dec 2011,,Mar 2012,,Jun 2012,,Sep 2012,,Dec 2012,,Mar 2013,,Jun 2013,,Sep 2013,,Dec 2013,,Mar 2014,,Jun 2014,,Sep 2014,,Dec 2014,,Mar 2015,,Jun 2015,,Sep 2015,,Dec 2015,,Mar 2016,,Jun 2016,,Sep 2016,,Dec 2016,,Mar 2017,,Jun 2017,,Sep 2017,,Dec 2017,,Mar 2018,,Jun 2018,,Sep 2018,,Dec 2018,,Mar 2019,,Jun 2019,,Sep 2019,,Dec 2019,,Mar 2020,,Jun 2020,,Sep 2020,
,,Count,Median,Count,Median,Count,Median,Count,Median,Count,Median,Count,Median,Count,Median,Count,Median,Count,Median,Count,Median,Count,Median,Count,Median,Count,Median,Count,Median,Count,Median,Count,Median,Count,Median,Count,Median,Count,Median,Count,Median,Count,Median,Count,Median,Count,Median,Count,Median,Count,Median,Count,Median,Count,Median,Count,Median,Count,Median,Count,Median,Count,Median,Count,Median,Count,Median,Count,Median,Count,Median,Count,Median,Count,Median,Count,Median,Count,Median,Count,Median,Count,Median,Count,Median,Count,Median,Count,Median,Count,Median,Count,Median,Count,Median,Count,Median,Count,Median,Count,Median,Count,Median,Count,Median,Count,Median,Count,Median,Count,Median,Count,Median,Count,Median,Count,Median,Count,Median,Count,Median,Count,Median,Count,Median,Count,Median,Count,Median,Count,Median,Count,Median,Count,Median,Count,Median,Count,Median,Count,Median,Count,Median,Count,Median,Count,Median,Count,Median,Count,Median,Count,Median,Count,Median,Count,Median,Count,Median,Count,Median,Count,Median,Count,Median,Count,Median,Count,Median,Count,Median,Count,Median
Barwon South West,Colac-Otway, 6 ,$68, 6 ,$75, 7 ,$80, 6 ,$80, 12 ,$75, 10 ,$80, 6 ,$83, 7 ,$85, 7 ,$90, 6 ,$85, 6 ,$95, 7 ,$95, - ,-, 7 ,$95, 10 ,$100, 6 ,$115, 8 ,$118, 12 ,$105, 5 ,$115, 7 ,$110, 7 ,$110, 11 ,$110, 8 ,$105, 11 ,$115, 8 ,$115, 13 ,$115, 9 ,$125, 9 ,$115, 10 ,$130, 10 ,$130, - ,-, 8 ,$133, 10 ,$138, 7 ,$135, 9 ,$140, 7 ,$145, 7 ,$145, 10 ,$148, 5 ,$150, 12 ,$130, 12 ,$150, 5 ,$150, 6 ,$165, 5 ,$150, 6 ,$160, 12 ,$153, 14 ,$150, 8 ,$168, 14 ,$165, 11 ,$165, 9 ,$150, 9 ,$170, 8 ,$165, 11 ,$170, 7 ,$185, 6 ,$160, 7 ,$185, 7 ,$150, 11 ,$180, 13 ,$165, 10 ,$175, 15 ,$190, 9 ,$190, 12 ,$190, 6 ,$168, 7 ,$165, 18 ,$180, 12 ,$180, 6 ,$178, 10 ,$195, 9 ,$195, 5 ,$195, 9 ,$195, 9 ,$190, 9 ,$200, 14 ,$190, 8 ,$203, 12 ,$205, 4 ,$205, 7 ,$205, 4 ,$214, 6 ,$210, 8 ,$215, 12 ,$253, 9 ,$230, 5 ,$220
,Corangamite, - ,-, 5 ,$60, - ,-, - ,-, - ,-, 7 ,$55, - ,-, - ,-, - ,-, - ,-, - ,-, - ,-, - ,-, 7 ,$80, - ,-, - ,-, - ,-, - ,-, - ,-, - ,-, - ,-, - ,-, - ,-, - ,-, - ,-, - ,-, - ,-, - ,-, - ,-, - ,-, - ,-, - ,-, - ,-, - ,-, - ,-, - ,-, - ,-, - ,-, - ,-, - ,-, 6 ,$130, 5 ,$135, - ,-, - ,-, - ,-, - ,-, - ,-, 6 ,$100, - ,-, - ,-, 5 ,$180, - ,-, - ,-, - ,-, - ,-, - ,-, - ,-, - ,-, 5 ,$120, - ,-, - ,-, - ,-, - ,-, 6 ,$123, - ,-, - ,-, - ,-, - ,-, - ,-, - ,-, - ,-, - ,-, - ,-, - ,-, - ,-, - ,-, - ,-, 6 ,$168, 2 ,$190, 2 ,$403, 1 ,$210, 2 ,$143, 3 ,$180, -   ,., 1 ,$180, 3 ,$225
,Glenelg, 7 ,$65, - ,-, 13 ,$70, 8 ,$80, 9 ,$74, 9 ,$70, 9 ,$75, 7 ,$85, 5 ,$85, 9 ,$85, 8 ,$83, 10 ,$88, 6 ,$85, 8 ,$90, 6 ,$88, 5 ,$95, 5 ,$90, 5 ,$95, 9 ,$100, 9 ,$90, - ,-, - ,-, 5 ,$110, 10 ,$100, 7 ,$100, 8 ,$100, 5 ,$90, 9 ,$100, - ,-, 8 ,$105, - ,-, - ,-, 5 ,$115, 9 ,$110, 5 ,$120, 8 ,$195, 5 ,$130, 8 ,$123, 5 ,$145, 6 ,$150, 7 ,$130, - ,-, 7 ,$125, 5 ,$120, 6 ,$125, 9 ,$125, - ,-, 12 ,$150, 5 ,$120, 11 ,$140, 6 ,$125, 7 ,$140, - ,-, 10 ,$135, 9 ,$140, 8 ,$150, - ,-, 6 ,$138, 7 ,$145, - ,-, 7 ,$150, - ,-, 9 ,$170, 8 ,$178, 6 ,$135, 6 ,$148, 7 ,$155, 6 ,$135, - ,-, 6 ,$148, 9 ,$150, 5 ,$160, 9 ,$150, 6 ,$160, 5 ,$160, 6 ,$160, 6 ,$148, 5 ,$150, 10 ,$153, 2 ,$193, 6 ,$173, 4 ,$235, 8 ,$170, 6 ,$170, 9 ,$200, 4 ,$175
,Greater Geelong, 202 ,$80, 205 ,$80, 200 ,$80, 255 ,$85, 185 ,$85, 184 ,$85, 205 ,$85, 239 ,$90, 194 ,$90, 204 ,$90, 188 ,$90, 188 ,$90, 207 ,$90, 177 ,$95, 174 ,$95, 222 ,$95, 179 ,$95, 164 ,$95, 150 ,$100, 208 ,$100, 148 ,$100, 161 ,$100, 162 ,$110, 215 ,$105, 144 ,$105, 166 ,$105, 157 ,$105, 181 ,$110, 156 ,$110, 158 ,$115, 131 ,$115, 182 ,$120, 133 ,$120, 137 ,$125, 150 ,$125, 202 ,$135, 146 ,$130, 170 ,$140, 151 ,$145, 163 ,$145, 169 ,$150, 169 ,$150, 159 ,$150, 162 ,$160, 134 ,$163, 133 ,$160, 123 ,$170, 158 ,$180, 157 ,$175, 159 ,$180, 143 ,$185, 172 ,$185, 145 ,$190, 153 ,$190, 140 ,$195, 174 ,$190, 175 ,$200, 161 ,$190, 163 ,$200, 168 ,$200, 165 ,$210, 153 ,$200, 152 ,$200, 191 ,$210, 136 ,$195, 173 ,$210, 158 ,$210, 181 ,$210, 129 ,$210, 154 ,$210, 155 ,$210, 169 ,$215, 144 ,$210, 142 ,$215, 157 ,$215, 187 ,$225, 115 ,$210, 114 ,$225, 123 ,$220, 147 ,$230, 121 ,$225, 142 ,$238, 153 ,$240, 147 ,$260, 139 ,$250, 146 ,$250
,Moyne, - ,-, - ,-, - ,-, - ,-, - ,-, - ,-, - ,-, - ,-, - ,-, - ,-, - ,-, - ,-, - ,-, - ,-, - ,-, - ,-, - ,-, - ,-, - ,-, - ,-, - ,-, - ,-, - ,-, - ,-, - ,-, - ,-, - ,-, - ,-, - ,-, - ,-, - ,-, - ,-, - ,-, - ,-, - ,-, - ,-, - ,-, - ,-, - ,-, - ,-, - ,-, - ,-, - ,-, - ,-, - ,-, - ,-, - ,-, - ,-, - ,-, - ,-, - ,-, - ,-, - ,-, - ,-, - ,-, - ,-, - ,-, - ,-, - ,-, - ,-, - ,-, - ,-, - ,-, - ,-, - ,-, - ,-, - ,-, - ,-, - ,-, - ,-, - ,-, - ,-, - ,-, - ,-, - ,-, - ,-, - ,-, - ,-, - ,-, - ,-, - ,-, - ,-, - ,-, - ,-, - ,-, - ,-
,Queenscliffe, - ,-, - ,-, - ,-, - ,-, - ,-, - ,-, - ,-, - ,-, - ,-, - ,-, - ,-, - ,-, - ,-, - ,-, - ,-, - ,-, - ,-, - ,-, - ,-, - ,-, - ,-, - ,-, - ,-, - ,-, - ,-, - ,-, - ,-, - ,-, - ,-, - ,-, - ,-, - ,-, - ,-, - ,-, - ,-, - ,-, - ,-, - ,-, - ,-, - ,-, - ,-, - ,-, - ,-, - ,-, - ,-, - ,-, - ,-, - ,-, - ,-, - ,-, - ,-, - ,-, - ,-, - ,-, - ,-, - ,-, - ,-, - ,-, - ,-, - ,-, - ,-, - ,-, - ,-, - ,-, - ,-, - ,-, - ,-, - ,-, - ,-, - ,-, - ,-, - ,-, - ,-, - ,-, - ,-, - ,-, - ,-, - ,-, - ,-, - ,-, - ,-, - ,-, - ,-, - ,-, - ,-, - ,-
,Southern Grampians, 9 ,$65, 10 ,$68, 7 ,$70, 10 ,$68, 12 ,$70, 7 ,$75, 15 ,$75, 14 ,$73, 18 ,$75, 12 ,$75, 12 ,$68, 18 ,$80, 11 ,$75, 14 ,$75, 22 ,$75, 14 ,$80, 19 ,$80, 13 ,$85, 9 ,$80, 12 ,$88, 7 ,$90, 9 ,$90, - ,-, 10 ,$95, 8 ,$90, 5 ,$100, 9 ,$92, 18 ,$130, 6 ,$123, 14 ,$98, 6 ,$100, 10 ,$100, 11 ,$115, 11 ,$95, 12 ,$103, 6 ,$113, 14 ,$108, 14 ,$113, 15 ,$100, 10 ,$120, 8 ,$108, 12 ,$120, 8 ,$103, 9 ,$120, 7 ,$120, 11 ,$105, 8 ,$120, 6 ,$110, 10 ,$130, 6 ,$150, 6 ,$125, 7 ,$120, 7 ,$150, 5 ,$150, 7 ,$130, 10 ,$150, 11 ,$135, 6 ,$130, 7 ,$145, 7 ,$120, - ,-, 7 ,$140, - ,-, 9 ,$130, - ,-, 9 ,$140, 8 ,$137, 11 ,$130, 6 ,$145, 5 ,$130, 5 ,$150, 10 ,$140, 5 ,$150, 9 ,$150, 8 ,$135, 8 ,$150, 11 ,$150, 11 ,$140, 10 ,$160, 10 ,$158, 2 ,$200, 7 ,$160, 5 ,$150, 3 ,$160, 4 ,$165, 5 ,$150
,Surf Coast, 9 ,$100, 9 ,$92, 10 ,$100, 8 ,$118, 10 ,$100, 6 ,$103, 10 ,$90, 9 ,$100, 6 ,$100, 12 ,$120, 7 ,$110, 6 ,$115, 10 ,$120, 12 ,$135, 5 ,$120, 7 ,$115, 9 ,$115, - ,-, - ,-, 7 ,$130, 6 ,$113, - ,-, 8 ,$153, - ,-, 6 ,$145, 6 ,$153, 6 ,$145, - ,-, - ,-, 11 ,$150, 6 ,$148, 5 ,$160, 6 ,$163, - ,-, 9 ,$170, - ,-, 7 ,$170, 8 ,$175, 7 ,$160, 6 ,$178, 10 ,$165, 13 ,$180, 7 ,$220, 7 ,$200, 8 ,$215, 12 ,$198, 6 ,$195, 11 ,$200, 8 ,$225, 7 ,$230, 7 ,$200, 8 ,$225, - ,-, 5 ,$260, 7 ,$215, 7 ,$220, - ,-, 11 ,$215, 5 ,$250, 7 ,$228, 5 ,$220, 14 ,$240, - ,-, 7 ,$210, - ,-, 9 ,$220, 7 ,$220, - ,-, 6 ,$243, 5 ,$225, - ,-, 5 ,$280, - ,-, 10 ,$250, 7 ,$300, 7 ,$265, 5 ,$265, - ,-, - ,-, - ,-, - ,-, - ,-, - ,-, - ,-, - ,-, - ,-
,Warrnambool, 28 ,$75, 22 ,$75, 28 ,$75, 35 ,$80, 18 ,$70, 26 ,$80, 24 ,$80, 29 ,$80, 25 ,$80, 22 ,$80, 28 ,$85, 29 ,$85, 13 ,$90, 27 ,$90, 32 ,$90, 32 ,$95, 16 ,$90, 22 ,$100, 19 ,$110, 30 ,$98, 13 ,$85, 19 ,$100, 13 ,$110, 28 ,$113, 19 ,$100, 14 ,$75, 21 ,$110, 30 ,$123, 11 ,$120, 20 ,$120, 23 ,$100, 28 ,$120, 18 ,$123, 11 ,$130, 23 ,$110, 32 ,$135, 24 ,$125, 14 ,$130, 18 ,$98, 28 ,$125, 21 ,$120, 37 ,$160, 15 ,$140, 24 ,$170, 11 ,$140, 15 ,$150, 25 ,$160, 21 ,$160, 13 ,$135, 20 ,$158, 24 ,$128, 19 ,$170, 20 ,$155, 12 ,$165, 31 ,$170, 19 ,$140, 26 ,$155, 16 ,$165, 23 ,$200, 23 ,$180, 18 ,$200, 24 ,$170, 29 ,$200, 24 ,$200, 21 ,$170, 16 ,$200, 22 ,$203, 23 ,$170, 19 ,$190, 24 ,$193, 29 ,$200, 17 ,$170, 18 ,$190, 24 ,$195, 18 ,$200, 24 ,$193, 19 ,$185, 25 ,$212, 20 ,$220, 20 ,$215, 13 ,$200, 16 ,$220, 15 ,$200, 17 ,$230, 17 ,$230, 14 ,$230
,Group Total, 264 ,$80, 261 ,$80, 269 ,$80, 327 ,$85, 249 ,$85, 249 ,$85, 273 ,$85, 310 ,$85, 258 ,$85, 267 ,$89, 251 ,$90, 261 ,$90, 254 ,$90, 254 ,$90, 250 ,$90, 293 ,$95, 239 ,$95, 224 ,$95, 200 ,$100, 276 ,$100, 191 ,$100, 207 ,$100, 203 ,$110, 280 ,$105, 193 ,$105, 218 ,$105, 211 ,$105, 256 ,$115, 194 ,$115, 227 ,$115, 173 ,$115, 240 ,$120, 184 ,$120, 180 ,$120, 210 ,$125, 258 ,$135, 204 ,$130, 227 ,$140, 207 ,$140, 229 ,$145, 235 ,$150, 249 ,$150, 207 ,$150, 217 ,$160, 173 ,$160, 197 ,$160, 183 ,$160, 226 ,$170, 209 ,$170, 216 ,$178, 202 ,$180, 226 ,$180, 193 ,$180, 199 ,$185, 207 ,$185, 227 ,$185, 226 ,$190, 211 ,$190, 222 ,$190, 225 ,$200, 215 ,$200, 218 ,$200, 209 ,$200, 258 ,$200, 181 ,$195, 224 ,$200, 224 ,$200, 238 ,$200, 174 ,$200, 208 ,$200, 211 ,$210, 217 ,$210, 190 ,$210, 204 ,$210, 207 ,$210, 250 ,$220, 166 ,$205, 177 ,$220, 175 ,$220, 190 ,$230, 153 ,$220, 189 ,$230, 195 ,$230, 194 ,$254, 194 ,$250, 191 ,$240
Grampians,Ararat, - ,-, - ,-, - ,-, - ,-, 5 ,$68, 7 ,$80, 7 ,$75, 11 ,$75, - ,-, - ,-, 5 ,$80, 6 ,$83, - ,-, 5 ,$80, - ,-, - ,-, 6 ,$80, 5 ,$80, - ,-, 7 ,$80, - ,-, - ,-, - ,-, - ,-, - ,-, - ,-, - ,-, 8 ,$90, - ,-, - ,-, - ,-, - ,-, 5 ,$85, - ,-, - ,-, 5 ,$100, - ,-, - ,-, - ,-, - ,-, - ,-, - ,-, - ,-, - ,-, 5 ,$100, - ,-, - ,-, - ,-, - ,-, - ,-, - ,-, 5 ,$124, - ,-, - ,-, - ,-, 5 ,$140, - ,-, - ,-, - ,-, - ,-, - ,-, - ,-, - ,-, - ,-, - ,-, - ,-, - ,-, - ,-, 5 ,$140, - ,-, - ,-, - ,-, - ,-, - ,-, - ,-, - ,-, - ,-, 6 ,$158, -   ,., 2 ,$200, 3 ,$170, 1 ,$170, 4 ,$170, -   ,., 2 ,$170, 3 ,$170
,Ballarat, 84 ,$80, 83 ,$80, 77 ,$80, 146 ,$80, 77 ,$80, 88 ,$85, 92 ,$85, 123 ,$85, 81 ,$85, 77 ,$85, 75 ,$90, 101 ,$85, 79 ,$90, 64 ,$90, 87 ,$95, 85 ,$90, 75 ,$95, 90 ,$98, 64 ,$100, 91 ,$95, 69 ,$100, 77 ,$95, 75 ,$100, 89 ,$105, 53 ,$100, 67 ,$100, 65 ,$105, 81 ,$105, 74 ,$108, 71 ,$110, 59 ,$110, 81 ,$110, 74 ,$110, 57 ,$115, 74 ,$115, 85 ,$115, 61 ,$120, 70 ,$120, 57 ,$120, 82 ,$130, 73 ,$130, 62 ,$130, 79 ,$130, 78 ,$130, 64 ,$145, 81 ,$140, 63 ,$135, 88 ,$140, 62 ,$148, 69 ,$140, 66 ,$150, 89 ,$150, 94 ,$150, 76 ,$160, 76 ,$150, 88 ,$156, 97 ,$160, 60 ,$160, 67 ,$160, 95 ,$160, 83 ,$155, 80 ,$155, 60 ,$160, 76 ,$168, 79 ,$160, 80 ,$165, 62 ,$170, 94 ,$165, 87 ,$165, 79 ,$165, 62 ,$165, 68 ,$170, 64 ,$180, 60 ,$170, 69 ,$175, 68 ,$170, 54 ,$175, 65 ,$175, 62 ,$185, 53 ,$185, 49 ,$189, 57 ,$185, 57 ,$190, 70 ,$198, 46 ,$190, 45 ,$195
,Golden Plains, - ,-, - ,-, - ,-, - ,-, - ,-, - ,-, - ,-, - ,-, - ,-, - ,-, - ,-, - ,-, - ,-, - ,-, - ,-, - ,-, - ,-, - ,-, - ,-, - ,-, - ,-, - ,-, - ,-, - ,-, - ,-, - ,-, - ,-, - ,-, - ,-, - ,-, - ,-, - ,-, - ,-, - ,-, - ,-, - ,-, - ,-, - ,-, - ,-, - ,-, - ,-, - ,-, - ,-, - ,-, - ,-, - ,-, - ,-, - ,-, - ,-, - ,-, - ,-, - ,-, - ,-, - ,-, - ,-, - ,-, - ,-, - ,-, - ,-, - ,-, - ,-, - ,-, - ,-, - ,-, - ,-, - ,-, - ,-, - ,-, - ,-, - ,-, - ,-, - ,-, - ,-, - ,-, - ,-, - ,-, - ,-, - ,-, - ,-, - ,-, - ,-, - ,-, - ,-, - ,-, - ,-, - ,-
,Hepburn, - ,-, - ,-, - ,-, - ,-, - ,-, - ,-, - ,-, 6 ,$98, - ,-, - ,-, - ,-, - ,-, - ,-, - ,-, - ,-, - ,-, 6 ,$105, 5 ,$100, - ,-, - ,-, 5 ,$120, - ,-, - ,-, - ,-, 5 ,$120, - ,-, - ,-, - ,-, - ,-, - ,-, - ,-, 5 ,$160, - ,-, - ,-, - ,-, 5 ,$140, - ,-, 5 ,$150, 5 ,$150, - ,-, - ,-, - ,-, - ,-, - ,-, - ,-, - ,-, 5 ,$165, - ,-, - ,-, - ,-, 6 ,$190, - ,-, 7 ,$200, - ,-, 6 ,$192, - ,-, - ,-, - ,-, - ,-, 5 ,$225, - ,-, - ,-, - ,-, - ,-, - ,-, - ,-, - ,-, 6 ,$238, - ,-, - ,-, - ,-, - ,-, - ,-, - ,-, - ,-, - ,-, - ,-, - ,-, - ,-, - ,-, - ,-, - ,-, - ,-, - ,-, - ,-, - ,-
,Hindmarsh, - ,-, - ,-, - ,-, - ,-, - ,-, - ,-, - ,-, - ,-, - ,-, - ,-, - ,-, - ,-, - ,-, - ,-, - ,-, - ,-, - ,-, - ,-, - ,-, - ,-, - ,-, - ,-, - ,-, - ,-, - ,-, - ,-, - ,-, - ,-, - ,-, - ,-, - ,-, - ,-, - ,-, - ,-, - ,-, - ,-, - ,-, - ,-, - ,-, - ,-, - ,-, - ,-, - ,-, - ,-, - ,-, 5 ,$50, - ,-, - ,-, - ,-, 9 ,$75, 6 ,$120, 6 ,$120, - ,-, - ,-, - ,-, 5 ,$75, - ,-, 7 ,$80, - ,-, - ,-, - ,-, - ,-, - ,-, 5 ,$130, - ,-, 5 ,$100, - ,-, - ,-, 6 ,$118, - ,-, - ,-, - ,-, - ,-, - ,-, - ,-, - ,-, - ,-, - ,-, - ,-, - ,-, - ,-, - ,-, - ,-, - ,-, - ,-, - ,-
,Horsham, 7 ,$65, 11 ,$65, 9 ,$65, 10 ,$65, 9 ,$60, 6 ,$65, 10 ,$70, 11 ,$70, 7 ,$70, 9 ,$70, 8 ,$75, 9 ,$70, 9 ,$70, 5 ,$80, 11 ,$75, 11 ,$75, 7 ,$70, 8 ,$83, 9 ,$75, 7 ,$65, 6 ,$78, 6 ,$78, - ,-, 6 ,$80, - ,-, 6 ,$83, - ,-, 6 ,$83, 5 ,$80, - ,-, 8 ,$93, 8 ,$100, 8 ,$113, 5 ,$95, 7 ,$95, 13 ,$85, 13 ,$110, 10 ,$100, 11 ,$110, 13 ,$105, 11 ,$100, 8 ,$125, 9 ,$110, 13 ,$160, 9 ,$95, 8 ,$145, 11 ,$110, 14 ,$110, 9 ,$283, 10 ,$135, 8 ,$113, 8 ,$120, 11 ,$160, 5 ,$148, 11 ,$150, 11 ,$150, 10 ,$232, 9 ,$115, 8 ,$140, 5 ,$301, 11 ,$135, 10 ,$178, 13 ,$220, 16 ,$145, 5 ,$266, 11 ,$200, 10 ,$160, 12 ,$175, 7 ,$125, 11 ,$145, 12 ,$183, 11 ,$155, 21 ,$250, 10 ,$218, 8 ,$200, 14 ,$213, 11 ,$230, 11 ,$150, 16 ,$160, 15 ,$250, 10 ,$190, 7 ,$160, 15 ,$230, 11 ,$250, 19 ,$230, 9 ,$250
,Moorabool, 6 ,$80, 7 ,$65, 5 ,$95, 9 ,$85, 6 ,$88, 6 ,$85, - ,-, 12 ,$93, 9 ,$95, 5 ,$100, - ,-, 6 ,$85, 5 ,$90, - ,-, 6 ,$85, 5 ,$95, - ,-, - ,-, - ,-, 9 ,$100, - ,-, - ,-, 6 ,$110, - ,-, - ,-, 5 ,$90, - ,-, - ,-, 6 ,$95, - ,-, - ,-, - ,-, - ,-, 11 ,$556, 6 ,$145, 14 ,$395, 13 ,$295, 13 ,$130, 7 ,$150, - ,-, - ,-, 6 ,$130, 5 ,$155, 6 ,$150, - ,-, 9 ,$155, 8 ,$145, 8 ,$175, 6 ,$160, - ,-, - ,-, 6 ,$190, 11 ,$170, - ,-, - ,-, - ,-, - ,-, - ,-, 5 ,$175, 5 ,$190, 5 ,$140, - ,-, 5 ,$140, 7 ,$180, 8 ,$175, 7 ,$225, - ,-, - ,-, - ,-, 5 ,$210, 6 ,$200, - ,-, 5 ,$220, 5 ,$230, 6 ,$215, - ,-, - ,-, 7 ,$230, 9 ,$240, 6 ,$255, 1 ,$240, 8 ,$223, 5 ,$250, 5 ,$230, 6 ,$235, 5 ,$250
,Northern Grampians, 6 ,$75, - ,-, 6 ,$75, 11 ,$80, 5 ,$75, 11 ,$75, - ,-, 7 ,$75, 8 ,$75, 12 ,$78, 8 ,$74, 12 ,$78, 7 ,$85, 7 ,$85, 5 ,$85, 10 ,$85, 8 ,$85, 8 ,$85, 6 ,$83, 6 ,$85, - ,-, - ,-, 9 ,$85, 6 ,$93, 8 ,$83, 8 ,$88, 5 ,$85, 5 ,$92, - ,-, - ,-, - ,-, 13 ,$95, 7 ,$85, - ,-, 9 ,$90, 5 ,$90, 6 ,$115, 6 ,$93, 6 ,$90, 8 ,$85, - ,-, 5 ,$100, 8 ,$95, 5 ,$100, 6 ,$108, - ,-, - ,-, 5 ,$105, - ,-, 6 ,$100, 5 ,$100, 7 ,$115, - ,-, 5 ,$95, 10 ,$108, 7 ,$95, 5 ,$120, - ,-, 5 ,$140, 6 ,$115, 5 ,$120, - ,-, 10 ,$190, 7 ,$100, 8 ,$123, 6 ,$128, 10 ,$123, - ,-, 7 ,$150, 6 ,$133, 9 ,$135, - ,-, 9 ,$150, - ,-, 13 ,$120, 12 ,$140, 7 ,$155, - ,-, - ,-, - ,-, - ,-, - ,-, - ,-, - ,-, - ,-, - ,-
,Pyrenees, - ,-, - ,-, - ,-, - ,-, - ,-, - ,-, - ,-, - ,-, - ,-, - ,-, - ,-, - ,-, - ,-, - ,-, - ,-, - ,-, - ,-, - ,-, - ,-, - ,-, - ,-, - ,-, - ,-, - ,-, - ,-, - ,-, - ,-, - ,-, - ,-, - ,-, - ,-, - ,-, - ,-, - ,-, - ,-, - ,-, - ,-, - ,-, - ,-, - ,-, - ,-, - ,-, - ,-, - ,-, - ,-, - ,-, - ,-, - ,-, - ,-, - ,-, - ,-, - ,-, - ,-, - ,-, - ,-, - ,-, - ,-, - ,-, - ,-, - ,-, - ,-, - ,-, - ,-, - ,-, - ,-, - ,-, - ,-, - ,-, - ,-, - ,-, - ,-, - ,-, - ,-, - ,-, - ,-, - ,-, - ,-, - ,-, - ,-, - ,-, - ,-, - ,-, - ,-, - ,-, - ,-, - ,-
,West Wimmera, - ,-, - ,-, - ,-, - ,-, - ,-, - ,-, - ,-, - ,-, - ,-, - ,-, - ,-, - ,-, - ,-, - ,-, - ,-, - ,-, - ,-, - ,-, - ,-, - ,-, - ,-, - ,-, - ,-, - ,-, - ,-, - ,-, - ,-, - ,-, - ,-, - ,-, - ,-, - ,-, - ,-, - ,-, - ,-, - ,-, - ,-, - ,-, - ,-, - ,-, - ,-, - ,-, - ,-, - ,-, - ,-, - ,-, - ,-, - ,-, - ,-, - ,-, - ,-, - ,-, - ,-, - ,-, - ,-, - ,-, - ,-, - ,-, - ,-, - ,-, - ,-, - ,-, - ,-, - ,-, - ,-, - ,-, - ,-, - ,-, - ,-, - ,-, - ,-, - ,-, - ,-, - ,-, - ,-, - ,-, - ,-, - ,-, - ,-, - ,-, - ,-, - ,-, - ,-, - ,-, - ,-, - ,-
,Yarriambiack, - ,-, - ,-, - ,-, - ,-, - ,-, - ,-, - ,-, - ,-, - ,-, - ,-, - ,-, - ,-, - ,-, - ,-, - ,-, - ,-, - ,-, - ,-, - ,-, - ,-, - ,-, - ,-, - ,-, - ,-, - ,-, - ,-, - ,-, - ,-, - ,-, - ,-, - ,-, - ,-, - ,-, - ,-, - ,-, - ,-, - ,-, - ,-, - ,-, - ,-, - ,-, - ,-, - ,-, - ,-, - ,-, - ,-, 5 ,$95, - ,-, - ,-, 6 ,$105, - ,-, - ,-, - ,-, - ,-, - ,-, - ,-, - ,-, - ,-, - ,-, - ,-, - ,-, - ,-, - ,-, - ,-, - ,-, - ,-, - ,-, - ,-, - ,-, - ,-, - ,-, - ,-, 6 ,$110, - ,-, - ,-, - ,-, - ,-, 6 ,$120, 1 ,$120, 2 ,$125, 2 ,$120, 3 ,$115, 4 ,$130, 2 ,$115, 1 ,$130, 1 ,$130
,Group Total, 114 ,$80, 112 ,$80, 106 ,$80, 185 ,$80, 107 ,$80, 125 ,$80, 123 ,$80, 174 ,$85, 116 ,$85, 112 ,$85, 105 ,$90, 137 ,$85, 107 ,$90, 96 ,$90, 120 ,$90, 120 ,$90, 110 ,$95, 127 ,$95, 92 ,$95, 130 ,$95, 93 ,$95, 98 ,$95, 107 ,$100, 113 ,$100, 81 ,$100, 95 ,$100, 88 ,$105, 108 ,$100, 97 ,$105, 90 ,$110, 86 ,$105, 119 ,$110, 105 ,$110, 87 ,$115, 104 ,$113, 132 ,$110, 107 ,$120, 113 ,$120, 93 ,$120, 116 ,$125, 98 ,$128, 94 ,$129, 115 ,$125, 108 ,$130, 90 ,$135, 115 ,$140, 104 ,$130, 127 ,$140, 91 ,$145, 111 ,$135, 100 ,$150, 128 ,$148, 131 ,$150, 99 ,$150, 114 ,$150, 123 ,$155, 122 ,$160, 87 ,$150, 96 ,$160, 127 ,$160, 114 ,$150, 108 ,$155, 101 ,$160, 123 ,$155, 111 ,$160, 118 ,$160, 95 ,$165, 128 ,$165, 118 ,$160, 113 ,$160, 101 ,$165, 98 ,$163, 113 ,$170, 84 ,$170, 109 ,$165, 112 ,$165, 87 ,$170, 105 ,$170, 104 ,$180, 88 ,$185, 89 ,$175, 93 ,$180, 110 ,$188, 110 ,$185, 91 ,$190, 73 ,$200
Loddon Mallee,Buloke, - ,-, - ,-, - ,-, - ,-, - ,-, - ,-, - ,-, - ,-, - ,-, - ,-, - ,-, - ,-, - ,-, - ,-, - ,-, - ,-, - ,-, - ,-, - ,-, - ,-, - ,-, - ,-, - ,-, - ,-, - ,-, - ,-, - ,-, - ,-, - ,-, - ,-, - ,-, - ,-, - ,-, - ,-, - ,-, - ,-, - ,-, - ,-, - ,-, - ,-, - ,-, - ,-, - ,-, - ,-, - ,-, - ,-, 6 ,$108, - ,-, - ,-, - ,-, - ,-, - ,-, - ,-, - ,-, - ,-, - ,-, - ,-, - ,-, - ,-, - ,-, - ,-, - ,-, - ,-, - ,-, - ,-, - ,-, - ,-, - ,-, - ,-, - ,-, 6 ,$118, - ,-, - ,-, - ,-, - ,-, - ,-, - ,-, - ,-, - ,-, - ,-, - ,-, - ,-, - ,-, - ,-, - ,-, - ,-
,Campaspe, 14 ,$83, 15 ,$90, 19 ,$85, 11 ,$90, 15 ,$85, 19 ,$85, 23 ,$90, 14 ,$90, 5 ,$105, 18 ,$93, 14 ,$90, 19 ,$90, 5 ,$100, 17 ,$90, 26 ,$89, 17 ,$90, 19 ,$89, 23 ,$95, 15 ,$90, 19 ,$90, 21 ,$89, 18 ,$89, 22 ,$89, 22 ,$90, 14 ,$90, 14 ,$100, 17 ,$95, 20 ,$95, 12 ,$103, 11 ,$95, 9 ,$95, 17 ,$110, 15 ,$120, 12 ,$115, 10 ,$123, 14 ,$108, 11 ,$120, 9 ,$110, 15 ,$130, 17 ,$125, 20 ,$115, 17 ,$115, 9 ,$130, 17 ,$120, 10 ,$123, 9 ,$100, 11 ,$120, 21 ,$120, 12 ,$133, 13 ,$140, 10 ,$128, 11 ,$150, 14 ,$125, 6 ,$125, 7 ,$140, 14 ,$123, 12 ,$133, 16 ,$125, 15 ,$125, - ,-, 7 ,$145, 13 ,$120, 15 ,$130, 13 ,$135, 10 ,$150, 11 ,$170, 15 ,$150, 12 ,$148, - ,-, 11 ,$145, - ,-, - ,-, 14 ,$150, 10 ,$148, 13 ,$130, 10 ,$148, 12 ,$150, 6 ,$150, 15 ,$150, 8 ,$155, 8 ,$148, 10 ,$165, 11 ,$165, 16 ,$175, 7 ,$165, 11 ,$150
,Central Goldfields, 5 ,$80, 7 ,$75, - ,-, - ,-, 8 ,$78, 5 ,$90, - ,-, - ,-, 6 ,$80, 6 ,$72, 6 ,$80, 7 ,$85, 5 ,$75, - ,-, - ,-, 5 ,$75, 5 ,$100, - ,-, - ,-, 6 ,$93, - ,-, - ,-, 5 ,$90, 5 ,$105, - ,-, 6 ,$100, - ,-, 6 ,$100, - ,-, 5 ,$100, - ,-, 5 ,$90, - ,-, - ,-, - ,-, 5 ,$105, - ,-, - ,-, - ,-, - ,-, - ,-, - ,-, - ,-, 7 ,$105, - ,-, - ,-, - ,-, 5 ,$125, - ,-, - ,-, - ,-, 5 ,$125, - ,-, - ,-, - ,-, - ,-, - ,-, - ,-, - ,-, - ,-, - ,-, - ,-, - ,-, - ,-, - ,-, - ,-, - ,-, - ,-, 8 ,$170, 6 ,$165, - ,-, - ,-, - ,-, 6 ,$173, 8 ,$155, - ,-, 5 ,$165, - ,-, - ,-, - ,-, - ,-, - ,-, - ,-, - ,-, - ,-, - ,-
,Gannawarra, 6 ,$83, - ,-, - ,-, - ,-, - ,-, - ,-, - ,-, 7 ,$85, - ,-, 5 ,$90, - ,-, - ,-, - ,-, 6 ,$93, - ,-, - ,-, 6 ,$88, - ,-, - ,-, - ,-, - ,-, - ,-, - ,-, - ,-, - ,-, - ,-, - ,-, 7 ,$87, - ,-, - ,-, - ,-, - ,-, - ,-, - ,-, - ,-, - ,-, - ,-, - ,-, - ,-, - ,-, - ,-, - ,-, - ,-, - ,-, - ,-, - ,-, - ,-, - ,-, - ,-, - ,-, 5 ,$140, - ,-, - ,-, - ,-, - ,-, - ,-, - ,-, - ,-, 5 ,$120, - ,-, - ,-, - ,-, - ,-, - ,-, - ,-, - ,-, - ,-, - ,-, - ,-, - ,-, - ,-, - ,-, - ,-, - ,-, - ,-, - ,-, - ,-, - ,-, - ,-, - ,-, - ,-, - ,-, - ,-, - ,-, - ,-, - ,-
,Greater Bendigo, 52 ,$90, 40 ,$85, 42 ,$85, 57 ,$90, 41 ,$85, 47 ,$90, 49 ,$90, 62 ,$88, 38 ,$90, 38 ,$90, 33 ,$90, 54 ,$95, 39 ,$100, 39 ,$95, 37 ,$100, 50 ,$100, 27 ,$100, 33 ,$100, 34 ,$105, 57 ,$110, 28 ,$110, 48 ,$111, 26 ,$113, 45 ,$110, 39 ,$115, 39 ,$115, 33 ,$110, 56 ,$120, 41 ,$120, 31 ,$120, 34 ,$110, 50 ,$123, 35 ,$120, 29 ,$125, 40 ,$125, 36 ,$125, 36 ,$125, 27 ,$130, 44 ,$128, 23 ,$135, 38 ,$130, 38 ,$138, 39 ,$140, 38 ,$133, 32 ,$135, 37 ,$150, 28 ,$140, 32 ,$144, 31 ,$150, 26 ,$163, 28 ,$153, 43 ,$160, 41 ,$155, 33 ,$160, 32 ,$170, 55 ,$160, 27 ,$165, 27 ,$160, 32 ,$169, 38 ,$165, 28 ,$165, 32 ,$172, 28 ,$170, 35 ,$170, 19 ,$160, 43 ,$170, 26 ,$160, 32 ,$180, 36 ,$183, 26 ,$180, 38 ,$180, 56 ,$176, 28 ,$188, 30 ,$180, 25 ,$160, 52 ,$200, 38 ,$188, 31 ,$180, 29 ,$180, 19 ,$180, 24 ,$184, 45 ,$200, 42 ,$190, 27 ,$200, 25 ,$200, 24 ,$189
,Loddon, - ,-, - ,-, - ,-, - ,-, - ,-, - ,-, - ,-, - ,-, - ,-, - ,-, - ,-, - ,-, - ,-, - ,-, - ,-, - ,-, - ,-, - ,-, - ,-, - ,-, - ,-, - ,-, - ,-, - ,-, - ,-, - ,-, - ,-, - ,-, - ,-, - ,-, - ,-, - ,-, - ,-, - ,-, - ,-, - ,-, - ,-, - ,-, - ,-, - ,-, - ,-, - ,-, - ,-, - ,-, - ,-, - ,-, - ,-, - ,-, - ,-, - ,-, - ,-, - ,-, - ,-, - ,-, - ,-, - ,-, - ,-, - ,-, - ,-, - ,-, - ,-, - ,-, - ,-, - ,-, - ,-, - ,-, - ,-, - ,-, - ,-, - ,-, - ,-, - ,-, - ,-, - ,-, - ,-, - ,-, - ,-, - ,-, - ,-, - ,-, - ,-, - ,-, - ,-, - ,-, - ,-, - ,-
,Macedon Ranges, 6 ,$78, 7 ,$90, 5 ,$90, 9 ,$90, 8 ,$95, - ,-, 6 ,$100, 8 ,$56, - ,-, 10 ,$100, 7 ,$100, 8 ,$101, 7 ,$90, 8 ,$132, - ,-, 8 ,$93, 5 ,$100, 12 ,$105, 7 ,$110, 7 ,$110, - ,-, 7 ,$110, 11 ,$100, 9 ,$110, 9 ,$110, 17 ,$110, 5 ,$110, 6 ,$125, 11 ,$110, 6 ,$133, 9 ,$110, 5 ,$91, 5 ,$130, 6 ,$115, 6 ,$135, 6 ,$140, - ,-, - ,-, - ,-, 9 ,$138, 8 ,$143, 5 ,$150, 5 ,$180, 6 ,$147, 5 ,$165, - ,-, 5 ,$138, - ,-, - ,-, 8 ,$160, - ,-, 6 ,$195, 6 ,$225, 7 ,$185, - ,-, 5 ,$190, 7 ,$200, - ,-, 7 ,$200, - ,-, - ,-, - ,-, - ,-, 6 ,$210, 6 ,$165, 10 ,$235, 5 ,$170, - ,-, 7 ,$200, 8 ,$180, - ,-, 5 ,$250, 5 ,$230, - ,-, 8 ,$225, 8 ,$210, - ,-, 6 ,$213, 4 ,$205, 4 ,$181, 5 ,$195, 3 ,$265, 2 ,$243, 6 ,$193, 3 ,$290, 5 ,$235
,Mildura, 19 ,$75, 17 ,$80, 27 ,$80, 19 ,$80, 26 ,$85, 17 ,$85, 22 ,$85, 26 ,$85, 22 ,$85, 20 ,$88, 19 ,$85, 21 ,$95, 14 ,$88, 20 ,$95, 19 ,$85, 18 ,$98, 29 ,$95, 18 ,$95, 21 ,$100, 25 ,$95, 20 ,$100, 16 ,$110, 34 ,$96, 27 ,$105, 20 ,$98, 22 ,$100, 22 ,$98, 19 ,$100, 17 ,$100, 12 ,$92, 20 ,$100, 20 ,$100, 19 ,$120, 13 ,$95, 16 ,$110, 25 ,$110, 23 ,$105, 21 ,$110, 33 ,$125, 46 ,$110, 23 ,$105, 38 ,$125, 26 ,$128, 26 ,$123, 16 ,$128, 16 ,$120, 23 ,$110, 20 ,$127, 34 ,$130, 37 ,$135, 24 ,$140, 29 ,$125, 26 ,$130, 23 ,$130, 16 ,$130, 24 ,$138, 25 ,$135, 15 ,$145, 26 ,$148, 19 ,$155, 38 ,$150, 39 ,$170, 34 ,$180, 21 ,$150, 29 ,$175, 30 ,$180, 31 ,$160, 26 ,$156, 24 ,$188, 23 ,$190, 36 ,$190, 27 ,$170, 26 ,$170, 26 ,$190, 28 ,$170, 39 ,$175, 16 ,$208, 25 ,$165, 21 ,$180, 28 ,$175, 19 ,$200, 41 ,$166, 33 ,$175, 21 ,$210, 22 ,$210, 21 ,$200
,Mount Alexander, - ,-, - ,-, - ,-, - ,-, - ,-, 5 ,$95, 5 ,$100, - ,-, 8 ,$100, - ,-, 5 ,$80, - ,-, - ,-, - ,-, - ,-, - ,-, - ,-, 5 ,$110, - ,-, - ,-, - ,-, - ,-, - ,-, - ,-, - ,-, - ,-, 5 ,$125, 5 ,$130, - ,-, - ,-, - ,-, - ,-, 6 ,$148, - ,-, - ,-, - ,-, - ,-, - ,-, - ,-, - ,-, - ,-, - ,-, - ,-, - ,-, - ,-, - ,-, - ,-, - ,-, - ,-, - ,-, - ,-, - ,-, - ,-, 5 ,$220, - ,-, - ,-, - ,-, - ,-, - ,-, - ,-, - ,-, - ,-, 6 ,$210, - ,-, - ,-, - ,-, 5 ,$200, - ,-, - ,-, - ,-, - ,-, - ,-, - ,-, - ,-, - ,-, - ,-, - ,-, - ,-, - ,-, - ,-, - ,-, - ,-, - ,-, - ,-, - ,-, - ,-
,Swan Hill, 22 ,$80, 26 ,$75, 23 ,$80, 31 ,$80, 19 ,$80, 21 ,$75, 16 ,$80, 19 ,$80, 14 ,$80, 23 ,$80, 19 ,$80, 22 ,$85, 19 ,$85, 15 ,$95, 25 ,$90, 28 ,$90, 17 ,$90, 19 ,$80, 11 ,$90, 21 ,$90, 26 ,$90, 18 ,$90, 12 ,$98, 18 ,$93, 18 ,$95, 21 ,$95, 27 ,$95, 21 ,$95, 21 ,$95, 21 ,$100, 16 ,$100, 24 ,$100, 17 ,$105, 20 ,$110, 18 ,$110, 26 ,$110, 22 ,$110, 27 ,$110, 20 ,$115, 20 ,$115, 18 ,$110, 20 ,$110, 23 ,$110, 22 ,$115, 15 ,$115, 21 ,$115, 24 ,$120, 19 ,$120, 16 ,$115, 19 ,$120, 18 ,$125, 20 ,$120, 13 ,$120, 17 ,$130, 16 ,$128, 19 ,$130, 24 ,$128, 19 ,$130, 14 ,$130, 15 ,$135, 18 ,$135, 22 ,$135, 16 ,$130, 12 ,$135, 19 ,$135, 19 ,$135, 11 ,$135, 13 ,$140, 21 ,$140, 10 ,$143, 13 ,$140, 13 ,$140, 20 ,$143, 18 ,$150, 17 ,$150, 15 ,$145, 13 ,$140, 14 ,$150, 18 ,$150, 18 ,$155, 14 ,$150, 9 ,$155, 18 ,$158, 16 ,$160, 6 ,$165, 8 ,$160
,Group Total, 130 ,$80, 117 ,$80, 125 ,$80, 139 ,$85, 125 ,$85, 120 ,$85, 130 ,$85, 146 ,$85, 100 ,$85, 125 ,$90, 110 ,$90, 138 ,$90, 98 ,$90, 115 ,$95, 124 ,$90, 132 ,$95, 117 ,$95, 116 ,$95, 102 ,$100, 139 ,$100, 109 ,$100, 118 ,$105, 117 ,$100, 139 ,$105, 107 ,$105, 124 ,$105, 120 ,$100, 142 ,$108, 110 ,$110, 90 ,$110, 98 ,$105, 122 ,$110, 104 ,$120, 84 ,$115, 96 ,$115, 116 ,$113, 99 ,$115, 93 ,$110, 123 ,$120, 121 ,$125, 115 ,$120, 128 ,$125, 111 ,$130, 122 ,$125, 90 ,$125, 92 ,$130, 103 ,$125, 105 ,$125, 110 ,$130, 112 ,$138, 94 ,$134, 116 ,$150, 110 ,$145, 101 ,$144, 82 ,$145, 125 ,$145, 105 ,$140, 87 ,$150, 106 ,$152, 89 ,$160, 99 ,$150, 119 ,$150, 109 ,$160, 96 ,$155, 88 ,$154, 124 ,$170, 101 ,$160, 98 ,$160, 103 ,$170, 91 ,$170, 103 ,$170, 117 ,$170, 97 ,$160, 102 ,$170, 102 ,$156, 137 ,$180, 93 ,$165, 91 ,$165, 102 ,$169, 82 ,$170, 77 ,$170, 120 ,$188, 113 ,$180, 98 ,$180, 70 ,$198, 75 ,$175
Hume,Alpine, - ,-, - ,-, - ,-, - ,-, - ,-, - ,-, - ,-, - ,-, - ,-, - ,-, - ,-, - ,-, - ,-, - ,-, - ,-, - ,-, - ,-, - ,-, - ,-, - ,-, - ,-, 6 ,$90, - ,-, - ,-, 8 ,$90, 5 ,$90, 6 ,$110, - ,-, - ,-, - ,-, - ,-, - ,-, - ,-, - ,-, - ,-, - ,-, - ,-, - ,-, - ,-, 5 ,$150, - ,-, 5 ,$150, - ,-, - ,-, - ,-, - ,-, 5 ,$135, - ,-, 5 ,$120, - ,-, - ,-, - ,-, 5 ,$145, - ,-, - ,-, - ,-, 6 ,$140, - ,-, 6 ,$145, 5 ,$150, - ,-, - ,-, 5 ,$160, - ,-, - ,-, - ,-, - ,-, 6 ,$180, 5 ,$175, - ,-, - ,-, 6 ,$170, 5 ,$230, - ,-, 9 ,$185, 7 ,$200, - ,-, - ,-, - ,-, - ,-, - ,-, - ,-, - ,-, - ,-, - ,-, - ,-
,Benalla, 7 ,$75, 8 ,$75, 8 ,$80, 9 ,$75, 6 ,$85, - ,-, 9 ,$80, 9 ,$85, 8 ,$83, 9 ,$85, - ,-, 9 ,$90, 6 ,$80, 6 ,$85, 6 ,$100, 6 ,$105, 5 ,$100, - ,-, 5 ,$100, - ,-, 7 ,$100, - ,-, - ,-, - ,-, 5 ,$120, - ,-, 6 ,$110, - ,-, - ,-, - ,-, - ,-, 9 ,$125, - ,-, 6 ,$120, 7 ,$115, 5 ,$125, - ,-, 5 ,$105, 6 ,$120, - ,-, 6 ,$170, 7 ,$160, 8 ,$140, 8 ,$145, 8 ,$135, 9 ,$125, 9 ,$140, 11 ,$140, 15 ,$140, 10 ,$130, 7 ,$130, 15 ,$140, 7 ,$150, 14 ,$138, 7 ,$140, 7 ,$140, 8 ,$155, 12 ,$130, 6 ,$143, 13 ,$130, 11 ,$150, 8 ,$150, 9 ,$150, 9 ,$150, 9 ,$150, 14 ,$150, 6 ,$145, 13 ,$150, 9 ,$165, 10 ,$150, 5 ,$150, - ,-, 8 ,$150, - ,-, 8 ,$160, 6 ,$150, 10 ,$178, 5 ,$150, 5 ,$160, 4 ,$188, 6 ,$173, 5 ,$180, 7 ,$185, 8 ,$215, 7 ,$169, 6 ,$170
,Greater Shepparton, 50 ,$85, 31 ,$85, 36 ,$85, 38 ,$85, 42 ,$85, 45 ,$90, 40 ,$85, 47 ,$85, 37 ,$90, 45 ,$85, 39 ,$90, 29 ,$95, 28 ,$90, 32 ,$90, 39 ,$95, 36 ,$95, 41 ,$95, 34 ,$90, 35 ,$90, 38 ,$100, 36 ,$98, 32 ,$95, 29 ,$100, 32 ,$100, 30 ,$100, 40 ,$105, 34 ,$100, 39 ,$110, 28 ,$110, 29 ,$115, 33 ,$115, 35 ,$110, 26 ,$108, 29 ,$120, 25 ,$115, 21 ,$125, 32 ,$125, 33 ,$120, 28 ,$120, 37 ,$125, 35 ,$135, 42 ,$120, 31 ,$135, 29 ,$135, 23 ,$130, 32 ,$138, 28 ,$135, 39 ,$130, 24 ,$145, 29 ,$135, 19 ,$130, 32 ,$143, 31 ,$140, 27 ,$140, 35 ,$130, 29 ,$140, 37 ,$140, 24 ,$140, 29 ,$140, 18 ,$150, 20 ,$163, 33 ,$155, 23 ,$145, 31 ,$160, 32 ,$163, 37 ,$170, 28 ,$168, 33 ,$170, 28 ,$173, 34 ,$168, 20 ,$168, 42 ,$165, 44 ,$165, 41 ,$170, 33 ,$170, 35 ,$170, 27 ,$170, 47 ,$150, 32 ,$188, 44 ,$175, 29 ,$200, 43 ,$190, 36 ,$180, 31 ,$195, 30 ,$188, 26 ,$185
,Indigo, - ,-, - ,-, - ,-, - ,-, - ,-, 6 ,$68, 5 ,$85, - ,-, - ,-, - ,-, - ,-, - ,-, - ,-, - ,-, 5 ,$90, 5 ,$95, - ,-, - ,-, - ,-, 5 ,$100, - ,-, - ,-, - ,-, - ,-, - ,-, - ,-, - ,-, 5 ,$110, - ,-, - ,-, 6 ,$113, 6 ,$108, - ,-, - ,-, - ,-, - ,-, - ,-, - ,-, - ,-, - ,-, 5 ,$120, 9 ,$150, - ,-, - ,-, - ,-, - ,-, - ,-, - ,-, - ,-, - ,-, - ,-, - ,-, 5 ,$150, - ,-, - ,-, - ,-, - ,-, - ,-, - ,-, - ,-, - ,-, - ,-, - ,-, - ,-, - ,-, - ,-, 5 ,$145, - ,-, - ,-, - ,-, - ,-, - ,-, - ,-, - ,-, - ,-, - ,-, - ,-, - ,-, - ,-, - ,-, - ,-, - ,-, - ,-, - ,-, - ,-, - ,-
,Mansfield, - ,-, - ,-, - ,-, - ,-, - ,-, - ,-, - ,-, - ,-, - ,-, - ,-, - ,-, - ,-, - ,-, - ,-, - ,-, - ,-, - ,-, - ,-, - ,-, - ,-, - ,-, - ,-, - ,-, - ,-, - ,-, - ,-, - ,-, - ,-, - ,-, - ,-, - ,-, - ,-, - ,-, - ,-, - ,-, - ,-, - ,-, - ,-, - ,-, - ,-, - ,-, - ,-, - ,-, - ,-, - ,-, - ,-, - ,-, - ,-, - ,-, - ,-, - ,-, - ,-, - ,-, - ,-, - ,-, - ,-, - ,-, - ,-, - ,-, - ,-, - ,-, - ,-, - ,-, - ,-, - ,-, - ,-, - ,-, - ,-, - ,-, - ,-, - ,-, - ,-, - ,-, - ,-, - ,-, - ,-, - ,-, - ,-, - ,-, - ,-, - ,-, - ,-, - ,-, - ,-, - ,-, - ,-
,Mitchell, 5 ,$85, 10 ,$88, - ,-, 7 ,$80, 10 ,$83, 6 ,$88, 12 ,$90, 8 ,$88, 7 ,$90, 9 ,$90, 7 ,$90, 12 ,$85, 9 ,$95, 5 ,$85, 9 ,$90, 5 ,$90, 9 ,$90, 12 ,$91, 6 ,$94, 6 ,$95, 8 ,$94, 5 ,$100, 8 ,$90, - ,-, 11 ,$95, 7 ,$95, 11 ,$100, 10 ,$98, 14 ,$98, 8 ,$100, 12 ,$100, 5 ,$115, 7 ,$115, 5 ,$115, 10 ,$100, 8 ,$110, 7 ,$115, 5 ,$115, 6 ,$105, - ,-, - ,-, - ,-, 9 ,$120, - ,-, - ,-, 6 ,$105, 5 ,$120, 10 ,$135, - ,-, - ,-, - ,-, - ,-, 5 ,$150, - ,-, 10 ,$136, 6 ,$150, - ,-, 6 ,$153, 8 ,$155, 6 ,$160, 8 ,$150, - ,-, - ,-, - ,-, 9 ,$150, 5 ,$170, - ,-, 6 ,$178, - ,-, 5 ,$185, 9 ,$195, - ,-, 5 ,$150, - ,-, - ,-, 8 ,$178, - ,-, - ,-, - ,-, - ,-, - ,-, - ,-, - ,-, - ,-, - ,-, - ,-
,Moira, 10 ,$65, 8 ,$80, 18 ,$77, 13 ,$75, 7 ,$75, 7 ,$80, 14 ,$80, 10 ,$90, 7 ,$85, 12 ,$80, 27 ,$85, 13 ,$85, 7 ,$83, 16 ,$85, 7 ,$85, 8 ,$83, 10 ,$85, 11 ,$85, 6 ,$90, 28 ,$85, 15 ,$90, 15 ,$85, 14 ,$70, 28 ,$90, 13 ,$90, 13 ,$90, 13 ,$90, 21 ,$70, 13 ,$95, 8 ,$100, 11 ,$80, 14 ,$90, 18 ,$100, 13 ,$100, 14 ,$84, 18 ,$100, 14 ,$96, 13 ,$100, 10 ,$95, 15 ,$105, 11 ,$110, 17 ,$100, 14 ,$103, 11 ,$100, 10 ,$103, 16 ,$105, 12 ,$115, 13 ,$125, 13 ,$110, 9 ,$110, 6 ,$113, 13 ,$125, 12 ,$110, 7 ,$120, 12 ,$110, 9 ,$110, 18 ,$110, 23 ,$125, 17 ,$120, 18 ,$100, 11 ,$110, 14 ,$123, 12 ,$123, 16 ,$118, 9 ,$135, 9 ,$125, 9 ,$135, 10 ,$120, 5 ,$125, 12 ,$145, 13 ,$110, 18 ,$128, 20 ,$123, 17 ,$125, 15 ,$120, 13 ,$145, 6 ,$138, 16 ,$140, 16 ,$143, 14 ,$125, 18 ,$123, 12 ,$150, 19 ,$135, 9 ,$150, 11 ,$155, 12 ,$130
,Murrindindi, - ,-, - ,-, - ,-, - ,-, - ,-, - ,-, - ,-, - ,-, - ,-, - ,-, - ,-, - ,-, - ,-, - ,-, - ,-, - ,-, - ,-, - ,-, - ,-, - ,-, - ,-, - ,-, - ,-, - ,-, - ,-, - ,-, - ,-, - ,-, - ,-, - ,-, - ,-, - ,-, - ,-, - ,-, - ,-, - ,-, - ,-, - ,-, - ,-, - ,-, - ,-, - ,-, - ,-, - ,-, - ,-, - ,-, - ,-, - ,-, - ,-, - ,-, - ,-, - ,-, - ,-, - ,-, - ,-, - ,-, - ,-, - ,-, - ,-, - ,-, - ,-, - ,-, - ,-, - ,-, - ,-, - ,-, - ,-, - ,-, - ,-, - ,-, - ,-, - ,-, - ,-, - ,-, - ,-, - ,-, - ,-, - ,-, - ,-, - ,-, - ,-, - ,-, - ,-, - ,-, - ,-, - ,-
,Strathbogie, - ,-, - ,-, - ,-, - ,-, - ,-, 6 ,$75, - ,-, - ,-, - ,-, - ,-, - ,-, 5 ,$85, - ,-, - ,-, - ,-, - ,-, - ,-, - ,-, 6 ,$75, - ,-, - ,-, - ,-, - ,-, - ,-, - ,-, - ,-, - ,-, - ,-, - ,-, - ,-, - ,-, - ,-, - ,-, - ,-, - ,-, - ,-, 7 ,$195, 7 ,$170, 5 ,$120, - ,-, 5 ,$170, - ,-, - ,-, - ,-, 6 ,$170, 7 ,$160, - ,-, - ,-, - ,-, - ,-, - ,-, - ,-, - ,-, 5 ,$150, 6 ,$155, - ,-, 6 ,$140, 7 ,$180, 5 ,$150, - ,-, - ,-, 6 ,$158, 10 ,$173, 5 ,$200, 6 ,$178, 6 ,$170, - ,-, - ,-, - ,-, - ,-, - ,-, - ,-, - ,-, - ,-, 9 ,$200, 6 ,$185, - ,-, 5 ,$210, 2 ,$225, 8 ,$200, 4 ,$210, 6 ,$200, 4 ,$210, -   ,., 1 ,$210, 1 ,$290
,Towong, - ,-, - ,-, - ,-, - ,-, - ,-, - ,-, - ,-, - ,-, - ,-, - ,-, - ,-, - ,-, - ,-, - ,-, - ,-, - ,-, - ,-, - ,-, - ,-, - ,-, - ,-, - ,-, - ,-, - ,-, - ,-, - ,-, - ,-, - ,-, - ,-, - ,-, - ,-, - ,-, - ,-, - ,-, - ,-, - ,-, - ,-, - ,-, - ,-, - ,-, - ,-, - ,-, - ,-, - ,-, - ,-, - ,-, 7 ,$85, - ,-, - ,-, - ,-, - ,-, - ,-, - ,-, - ,-, - ,-, - ,-, - ,-, - ,-, - ,-, 5 ,$110, - ,-, - ,-, - ,-, - ,-, - ,-, - ,-, - ,-, - ,-, - ,-, - ,-, - ,-, - ,-, - ,-, - ,-, - ,-, - ,-, - ,-, - ,-, - ,-, - ,-, - ,-, - ,-, - ,-, - ,-, - ,-, - ,-
,Wangaratta, 16 ,$83, 13 ,$90, 7 ,$80, 15 ,$85, 10 ,$85, 11 ,$85, 10 ,$85, 13 ,$85, 8 ,$88, 7 ,$95, 11 ,$85, 12 ,$88, 15 ,$90, 8 ,$98, 15 ,$90, 11 ,$90, 13 ,$85, 10 ,$90, - ,-, 7 ,$105, - ,-, 9 ,$95, 7 ,$110, 9 ,$110, 10 ,$120, 16 ,$125, 9 ,$115, 15 ,$115, 9 ,$125, 8 ,$120, 8 ,$113, 14 ,$125, 7 ,$130, 8 ,$128, 9 ,$125, 14 ,$125, 10 ,$120, 8 ,$113, 17 ,$125, 13 ,$120, 11 ,$120, 23 ,$130, 8 ,$158, 10 ,$133, 12 ,$148, 12 ,$133, 10 ,$133, 14 ,$140, 14 ,$130, 13 ,$130, 10 ,$140, 18 ,$143, 14 ,$140, 18 ,$145, 11 ,$140, 17 ,$140, 22 ,$140, 15 ,$140, 29 ,$140, 18 ,$150, 13 ,$140, 12 ,$143, 22 ,$165, 18 ,$141, 12 ,$150, 19 ,$160, 5 ,$165, 14 ,$150, 12 ,$153, 9 ,$175, 10 ,$185, 9 ,$170, 11 ,$150, 10 ,$180, 10 ,$165, 7 ,$180, 14 ,$193, 6 ,$185, 11 ,$180, 19 ,$190, 17 ,$195, 16 ,$200, 19 ,$190, 17 ,$185, 15 ,$195, 9 ,$185
,Wodonga, 25 ,$85, 16 ,$88, 13 ,$90, 22 ,$85, 21 ,$85, 21 ,$85, 20 ,$88, 26 ,$88, 22 ,$90, 13 ,$85, 14 ,$90, 17 ,$90, 12 ,$88, 8 ,$95, 15 ,$90, 16 ,$90, 18 ,$95, 13 ,$100, 19 ,$105, 14 ,$100, 9 ,$95, 12 ,$101, 20 ,$98, 16 ,$110, 11 ,$100, 12 ,$118, 13 ,$115, 10 ,$115, 12 ,$115, 12 ,$125, 15 ,$130, 23 ,$130, 8 ,$130, 10 ,$110, 7 ,$120, 12 ,$123, 10 ,$138, 10 ,$120, 8 ,$138, 13 ,$115, 9 ,$130, 13 ,$140, 13 ,$140, 12 ,$110, 13 ,$175, 22 ,$140, 9 ,$140, 19 ,$140, 15 ,$140, 15 ,$150, 10 ,$150, 18 ,$150, 14 ,$148, 12 ,$163, 16 ,$153, 19 ,$165, 15 ,$160, 9 ,$175, 16 ,$170, 11 ,$170, 16 ,$175, 19 ,$170, 16 ,$173, 20 ,$168, 13 ,$165, 12 ,$203, 9 ,$175, 21 ,$170, 20 ,$173, 16 ,$178, 9 ,$165, 18 ,$175, 20 ,$160, 17 ,$175, 17 ,$175, 18 ,$173, 10 ,$175, 15 ,$175, 13 ,$180, 10 ,$173, 10 ,$185, 11 ,$190, 15 ,$180, 10 ,$175, 21 ,$190, 9 ,$200
,Group Total, 127 ,$85, 95 ,$85, 92 ,$85, 117 ,$85, 106 ,$85, 112 ,$85, 115 ,$85, 126 ,$85, 101 ,$85, 104 ,$85, 105 ,$90, 105 ,$85, 86 ,$90, 88 ,$90, 103 ,$90, 97 ,$90, 108 ,$90, 91 ,$90, 86 ,$95, 108 ,$98, 94 ,$95, 90 ,$95, 93 ,$100, 109 ,$95, 98 ,$100, 104 ,$105, 101 ,$100, 113 ,$105, 87 ,$115, 80 ,$115, 97 ,$110, 116 ,$114, 82 ,$113, 82 ,$120, 84 ,$110, 88 ,$120, 90 ,$120, 90 ,$115, 88 ,$120, 98 ,$120, 89 ,$130, 124 ,$127, 94 ,$130, 84 ,$130, 83 ,$135, 116 ,$130, 93 ,$130, 112 ,$130, 96 ,$140, 88 ,$130, 67 ,$135, 110 ,$140, 99 ,$140, 92 ,$140, 104 ,$140, 100 ,$148, 124 ,$140, 105 ,$140, 121 ,$140, 97 ,$145, 91 ,$155, 102 ,$150, 104 ,$160, 110 ,$150, 97 ,$160, 116 ,$160, 73 ,$165, 114 ,$160, 95 ,$170, 101 ,$160, 80 ,$165, 111 ,$170, 123 ,$155, 100 ,$170, 112 ,$170, 104 ,$170, 79 ,$180, 109 ,$165, 101 ,$180, 112 ,$180, 95 ,$190, 106 ,$185, 109 ,$180, 92 ,$185, 103 ,$195, 79 ,$185
Gippsland,Bass Coast, - ,-, - ,-, 5 ,$90, - ,-, 5 ,$85, - ,-, - ,-, - ,-, - ,-, - ,-, - ,-, - ,-, - ,-, 7 ,$120, - ,-, - ,-, 6 ,$115, - ,-, - ,-, - ,-, - ,-, 5 ,$100, - ,-, - ,-, 6 ,$105, - ,-, - ,-, - ,-, - ,-, - ,-, - ,-, - ,-, - ,-, - ,-, - ,-, - ,-, - ,-, - ,-, 6 ,$125, - ,-, - ,-, - ,-, - ,-, 13 ,$215, 11 ,$400, 14 ,$270, - ,-, 10 ,$265, 7 ,$210, 6 ,$305, 5 ,$400, 9 ,$260, 10 ,$213, 12 ,$158, - ,-, 6 ,$175, - ,-, 7 ,$260, 5 ,$250, 9 ,$230, - ,-, - ,-, - ,-, 11 ,$240, - ,-, 5 ,$174, 7 ,$215, - ,-, 7 ,$230, 5 ,$250, 7 ,$220, 6 ,$245, - ,-, 8 ,$260, 7 ,$220, 8 ,$250, - ,-, - ,-, - ,-, - ,-, - ,-, - ,-, - ,-, - ,-, - ,-, - ,-
,Baw Baw, 12 ,$75, 12 ,$78, 12 ,$73, 10 ,$75, 10 ,$70, 10 ,$88, 9 ,$80, 11 ,$90, 10 ,$80, 5 ,$100, 8 ,$88, 10 ,$75, 11 ,$90, 7 ,$100, 8 ,$75, - ,-, 9 ,$100, 10 ,$98, 6 ,$95, 8 ,$108, 5 ,$110, 11 ,$100, 9 ,$100, 12 ,$100, 5 ,$100, 13 ,$100, 6 ,$110, 11 ,$110, 12 ,$103, 10 ,$115, 8 ,$110, 8 ,$98, 10 ,$115, 6 ,$119, 7 ,$115, 13 ,$120, 7 ,$120, 10 ,$118, 10 ,$115, 7 ,$130, 10 ,$120, 10 ,$140, 12 ,$125, 16 ,$150, 7 ,$130, 5 ,$135, 9 ,$155, 20 ,$135, 8 ,$158, 8 ,$145, 7 ,$170, 11 ,$140, 7 ,$150, 5 ,$170, 6 ,$155, 9 ,$160, 7 ,$170, 10 ,$155, - ,-, 7 ,$175, 8 ,$143, 11 ,$160, 6 ,$150, 6 ,$180, - ,-, 18 ,$170, 8 ,$165, - ,-, 9 ,$170, 11 ,$190, 5 ,$160, 8 ,$185, 11 ,$190, 9 ,$180, 9 ,$195, 11 ,$185, 12 ,$185, - ,-, - ,-, - ,-, - ,-, - ,-, - ,-, - ,-, - ,-, - ,-
,East Gippsland, 9 ,$85, 11 ,$80, 18 ,$85, 8 ,$80, 11 ,$75, 12 ,$83, 16 ,$80, 13 ,$85, 13 ,$80, 8 ,$90, 6 ,$85, 6 ,$85, 9 ,$90, 14 ,$90, 9 ,$90, 15 ,$90, 16 ,$93, 14 ,$103, 5 ,$120, 12 ,$95, 9 ,$90, 17 ,$97, 10 ,$115, 7 ,$125, 7 ,$80, 19 ,$115, 12 ,$120, 15 ,$100, 11 ,$115, 5 ,$100, 9 ,$115, 15 ,$120, 6 ,$123, 8 ,$103, 11 ,$130, 9 ,$130, 8 ,$80, 7 ,$130, 11 ,$130, 14 ,$138, 11 ,$140, 14 ,$140, 21 ,$130, 13 ,$135, 12 ,$140, 9 ,$140, 6 ,$115, 9 ,$160, 10 ,$155, 16 ,$150, 9 ,$150, 13 ,$156, 9 ,$125, 11 ,$150, 14 ,$160, 6 ,$148, 8 ,$158, 17 ,$170, 15 ,$150, 17 ,$170, 17 ,$155, 9 ,$170, 11 ,$160, 10 ,$168, 11 ,$180, 12 ,$175, 13 ,$157, 16 ,$180, 14 ,$168, 17 ,$175, 12 ,$175, 12 ,$168, 9 ,$180, 8 ,$165, 15 ,$180, 14 ,$190, 10 ,$190, 9 ,$190, 12 ,$175, 7 ,$185, 10 ,$195, 16 ,$200, 27 ,$200, 17 ,$210, 15 ,$200, 8 ,$220
,Latrobe, 63 ,$70, 57 ,$65, 62 ,$65, 77 ,$65, 57 ,$70, 60 ,$65, 48 ,$75, 79 ,$65, 59 ,$70, 80 ,$65, 60 ,$70, 80 ,$65, 74 ,$70, 55 ,$75, 61 ,$70, 75 ,$70, 52 ,$75, 65 ,$75, 61 ,$75, 81 ,$75, 73 ,$75, 73 ,$75, 47 ,$80, 51 ,$75, 60 ,$75, 53 ,$75, 55 ,$80, 56 ,$80, 60 ,$80, 54 ,$80, 50 ,$80, 59 ,$80, 42 ,$90, 66 ,$88, 38 ,$88, 71 ,$90, 58 ,$95, 49 ,$90, 39 ,$100, 55 ,$90, 82 ,$100, 56 ,$100, 58 ,$105, 66 ,$110, 63 ,$100, 48 ,$114, 56 ,$118, 53 ,$120, 58 ,$115, 62 ,$120, 39 ,$115, 53 ,$120, 60 ,$118, 59 ,$120, 43 ,$120, 56 ,$123, 51 ,$120, 54 ,$120, 51 ,$120, 62 ,$123, 59 ,$120, 50 ,$135, 43 ,$125, 42 ,$150, 50 ,$125, 61 ,$160, 55 ,$145, 65 ,$150, 60 ,$130, 67 ,$140, 54 ,$150, 46 ,$140, 45 ,$140, 54 ,$150, 60 ,$150, 68 ,$150, 56 ,$150, 80 ,$150, 46 ,$160, 62 ,$175, 51 ,$160, 63 ,$165, 68 ,$158, 50 ,$165, 50 ,$170, 42 ,$180
,South Gippsland, 8 ,$75, - ,-, 8 ,$65, 5 ,$75, 7 ,$75, 7 ,$75, 6 ,$73, 5 ,$85, - ,-, 10 ,$85, 9 ,$75, - ,-, 6 ,$83, 5 ,$80, 8 ,$90, 7 ,$95, 10 ,$105, - ,-, - ,-, 7 ,$110, - ,-, 5 ,$120, 8 ,$110, 5 ,$115, - ,-, 7 ,$110, 6 ,$98, 5 ,$115, - ,-, 5 ,$120, - ,-, - ,-, 7 ,$120, 8 ,$125, 5 ,$120, - ,-, - ,-, 9 ,$115, 5 ,$185, 6 ,$100, 7 ,$120, 7 ,$120, 6 ,$130, 9 ,$125, 6 ,$123, 7 ,$140, - ,-, - ,-, 6 ,$143, 8 ,$123, 13 ,$150, 9 ,$155, 7 ,$160, 7 ,$135, 5 ,$165, 6 ,$165, - ,-, 9 ,$170, 8 ,$150, 5 ,$160, 5 ,$175, 6 ,$148, - ,-, 8 ,$155, - ,-, - ,-, 7 ,$160, 7 ,$145, 8 ,$145, 6 ,$180, 8 ,$173, - ,-, 7 ,$160, 5 ,$190, 12 ,$168, 7 ,$180, 5 ,$125, 10 ,$168, 4 ,$188, 3 ,$165, 3 ,$210, 4 ,$183, 5 ,$185, 3 ,$185, 5 ,$190, 3 ,$201
,Wellington, 31 ,$75, 17 ,$65, 35 ,$75, 34 ,$65, 25 ,$70, 27 ,$80, 22 ,$75, 22 ,$73, 36 ,$75, 31 ,$75, 27 ,$75, 34 ,$80, 31 ,$80, 28 ,$80, 26 ,$85, 32 ,$85, 24 ,$90, 23 ,$90, 17 ,$90, 29 ,$85, 24 ,$93, 31 ,$100, 16 ,$100, 28 ,$95, 24 ,$110, 19 ,$95, 27 ,$100, 27 ,$95, 26 ,$110, 25 ,$95, 15 ,$110, 26 ,$108, 26 ,$103, 27 ,$110, 20 ,$110, 23 ,$120, 18 ,$115, 23 ,$110, 16 ,$123, 31 ,$115, 19 ,$125, 21 ,$120, 20 ,$123, 21 ,$130, 28 ,$133, 30 ,$135, 18 ,$130, 25 ,$145, 18 ,$145, 30 ,$140, 16 ,$135, 39 ,$140, 17 ,$145, 18 ,$140, 19 ,$135, 16 ,$143, 26 ,$150, 22 ,$148, 22 ,$150, 27 ,$150, 24 ,$155, 18 ,$160, 17 ,$160, 32 ,$160, 27 ,$160, 27 ,$160, 17 ,$170, 21 ,$170, 23 ,$170, 25 ,$160, 19 ,$150, 24 ,$160, 30 ,$160, 33 ,$160, 26 ,$163, 31 ,$160, 24 ,$160, 32 ,$168, 25 ,$180, 23 ,$175, 21 ,$170, 26 ,$190, 28 ,$200, 19 ,$190, 15 ,$200, 17 ,$200
,Group Total, 124 ,$70, 100 ,$70, 140 ,$75, 138 ,$70, 115 ,$70, 116 ,$73, 105 ,$75, 131 ,$75, 122 ,$75, 137 ,$75, 113 ,$75, 136 ,$70, 134 ,$75, 116 ,$80, 113 ,$75, 135 ,$80, 117 ,$90, 118 ,$83, 93 ,$85, 138 ,$80, 115 ,$80, 142 ,$85, 92 ,$90, 106 ,$85, 105 ,$85, 112 ,$90, 106 ,$90, 115 ,$90, 117 ,$95, 99 ,$90, 88 ,$85, 112 ,$90, 94 ,$100, 118 ,$95, 82 ,$100, 122 ,$100, 95 ,$100, 100 ,$110, 87 ,$115, 115 ,$105, 129 ,$115, 110 ,$115, 121 ,$120, 138 ,$120, 127 ,$120, 113 ,$135, 96 ,$125, 120 ,$133, 107 ,$135, 130 ,$135, 89 ,$140, 134 ,$140, 110 ,$135, 112 ,$135, 90 ,$140, 99 ,$140, 97 ,$140, 119 ,$140, 105 ,$140, 127 ,$150, 115 ,$145, 98 ,$150, 84 ,$150, 109 ,$160, 96 ,$150, 126 ,$165, 107 ,$160, 117 ,$160, 121 ,$160, 131 ,$164, 105 ,$155, 99 ,$160, 105 ,$160, 117 ,$160, 129 ,$165, 139 ,$160, 108 ,$163, 138 ,$165, 95 ,$170, 105 ,$180, 91 ,$170, 122 ,$180, 141 ,$180, 98 ,$185, 96 ,$188, 85 ,$200
North and West Metro,Banyule, 33 ,$120, 21 ,$125, 35 ,$130, 54 ,$130, 28 ,$135, 33 ,$135, 29 ,$130, 29 ,$140, 36 ,$140, 25 ,$145, 36 ,$138, 43 ,$145, 29 ,$150, 34 ,$153, 32 ,$150, 49 ,$150, 29 ,$160, 28 ,$160, 33 ,$170, 63 ,$160, 34 ,$178, 33 ,$170, 29 ,$165, 64 ,$170, 37 ,$160, 38 ,$170, 20 ,$178, 33 ,$175, 61 ,$190, 38 ,$175, 19 ,$180, 103 ,$180, 54 ,$190, 67 ,$180, 55 ,$190, 110 ,$195, 41 ,$195, 72 ,$200, 39 ,$230, 142 ,$205, 59 ,$240, 75 ,$250, 52 ,$250, 164 ,$225, 55 ,$260, 93 ,$225, 56 ,$250, 182 ,$225, 62 ,$275, 93 ,$260, 56 ,$270, 192 ,$220, 81 ,$270, 84 ,$250, 57 ,$270, 177 ,$215, 76 ,$270, 89 ,$270, 59 ,$270, 152 ,$225, 84 ,$260, 107 ,$256, 53 ,$290, 204 ,$219, 48 ,$270, 91 ,$280, 66 ,$300, 174 ,$268, 78 ,$290, 92 ,$300, 128 ,$320, 212 ,$300, 112 ,$320, 112 ,$308, 88 ,$303, 170 ,$305, 108 ,$340, 149 ,$340, 116 ,$340, 152 ,$310, 80 ,$330, 138 ,$330, 99 ,$350, 158 ,$350, 102 ,$340, 87 ,$330
,Brimbank, 64 ,$90, 50 ,$90, 80 ,$90, 67 ,$90, 52 ,$95, 71 ,$95, 60 ,$95, 58 ,$100, 66 ,$100, 64 ,$100, 62 ,$100, 52 ,$100, 56 ,$110, 72 ,$110, 51 ,$105, 61 ,$110, 82 ,$110, 63 ,$110, 42 ,$110, 52 ,$110, 50 ,$115, 80 ,$115, 63 ,$115, 52 ,$120, 64 ,$120, 56 ,$115, 48 ,$110, 58 ,$120, 48 ,$120, 58 ,$125, 43 ,$120, 62 ,$133, 61 ,$140, 70 ,$155, 78 ,$195, 42 ,$150, 55 ,$160, 56 ,$165, 54 ,$170, 52 ,$170, 48 ,$170, 61 ,$180, 51 ,$185, 46 ,$200, 47 ,$190, 66 ,$200, 47 ,$195, 57 ,$200, 48 ,$200, 60 ,$198, 54 ,$200, 56 ,$200, 48 ,$200, 73 ,$200, 47 ,$200, 52 ,$200, 63 ,$200, 66 ,$210, 49 ,$208, 54 ,$200, 55 ,$200, 54 ,$200, 42 ,$220, 58 ,$222, 59 ,$210, 72 ,$210, 55 ,$210, 63 ,$210, 57 ,$210, 58 ,$220, 44 ,$225, 46 ,$233, 54 ,$223, 47 ,$230, 48 ,$225, 54 ,$238, 42 ,$250, 48 ,$245, 59 ,$250, 74 ,$245, 52 ,$250, 89 ,$255, 66 ,$250, 64 ,$250, 58 ,$253, 37 ,$260
,Darebin, 265 ,$105, 250 ,$110, 237 ,$110, 294 ,$110, 253 ,$115, 256 ,$115, 222 ,$120, 302 ,$120, 281 ,$125, 254 ,$125, 241 ,$125, 279 ,$130, 263 ,$130, 241 ,$135, 262 ,$135, 299 ,$135, 244 ,$140, 244 ,$140, 216 ,$140, 318 ,$147, 212 ,$145, 299 ,$150, 241 ,$145, 336 ,$150, 274 ,$150, 288 ,$155, 233 ,$150, 357 ,$159, 215 ,$160, 304 ,$160, 231 ,$165, 336 ,$173, 239 ,$185, 249 ,$185, 236 ,$190, 312 ,$200, 223 ,$205, 260 ,$225, 254 ,$220, 263 ,$230, 209 ,$230, 246 ,$240, 226 ,$230, 275 ,$240, 233 ,$245, 250 ,$250, 289 ,$250, 281 ,$250, 235 ,$250, 264 ,$260, 254 ,$255, 284 ,$260, 278 ,$260, 334 ,$270, 296 ,$260, 312 ,$270, 271 ,$260, 352 ,$270, 341 ,$270, 296 ,$270, 271 ,$270, 317 ,$270, 282 ,$280, 387 ,$280, 271 ,$280, 384 ,$290, 303 ,$280, 396 ,$280, 329 ,$280, 365 ,$295, 296 ,$300, 429 ,$300, 350 ,$295, 335 ,$300, 290 ,$310, 372 ,$310, 335 ,$310, 306 ,$320, 306 ,$310, 313 ,$320, 273 ,$320, 360 ,$330, 304 ,$320, 383 ,$330, 225 ,$320, 232 ,$320
,Hobsons Bay, 51 ,$100, 58 ,$100, 38 ,$100, 66 ,$105, 54 ,$110, 69 ,$105, 47 ,$115, 54 ,$115, 50 ,$120, 52 ,$118, 51 ,$120, 49 ,$125, 57 ,$125, 56 ,$130, 49 ,$120, 57 ,$125, 56 ,$131, 52 ,$125, 45 ,$130, 60 ,$133, 40 ,$128, 52 ,$135, 45 ,$130, 50 ,$135, 66 ,$138, 47 ,$135, 44 ,$145, 39 ,$135, 51 ,$150, 58 ,$153, 35 ,$150, 48 ,$150, 44 ,$160, 47 ,$165, 36 ,$160, 42 ,$180, 33 ,$185, 45 ,$195, 45 ,$200, 37 ,$190, 43 ,$200, 61 ,$220, 35 ,$210, 37 ,$220, 40 ,$230, 45 ,$220, 52 ,$243, 49 ,$230, 37 ,$230, 42 ,$230, 37 ,$220, 63 ,$240, 46 ,$240, 36 ,$250, 36 ,$235, 44 ,$238, 54 ,$250, 72 ,$260, 35 ,$240, 49 ,$250, 62 ,$255, 53 ,$260, 43 ,$260, 44 ,$260, 44 ,$285, 69 ,$270, 40 ,$260, 43 ,$265, 44 ,$260, 47 ,$280, 61 ,$270, 51 ,$285, 45 ,$275, 60 ,$308, 42 ,$295, 52 ,$300, 46 ,$300, 61 ,$315, 45 ,$300, 52 ,$300, 41 ,$310, 47 ,$300, 42 ,$310, 48 ,$293, 45 ,$300, 38 ,$308
,Hume, 14 ,$105, 9 ,$105, 15 ,$110, 18 ,$108, 11 ,$115, 21 ,$115, 13 ,$110, 18 ,$120, 14 ,$115, 14 ,$125, 15 ,$120, 18 ,$120, 10 ,$113, 18 ,$123, 16 ,$120, 14 ,$120, 13 ,$120, 15 ,$135, 17 ,$120, 10 ,$143, 14 ,$123, 16 ,$135, 18 ,$113, 17 ,$135, 19 ,$125, 22 ,$130, 13 ,$140, 16 ,$138, 15 ,$150, 19 ,$135, 18 ,$145, 23 ,$145, 14 ,$153, 17 ,$165, 8 ,$158, 10 ,$160, 9 ,$165, 17 ,$185, 8 ,$175, 25 ,$180, 14 ,$205, 20 ,$190, 13 ,$190, 20 ,$198, 18 ,$220, 10 ,$203, 13 ,$190, 16 ,$183, 12 ,$210, 13 ,$230, 12 ,$203, 16 ,$215, 15 ,$230, 17 ,$220, 16 ,$200, 22 ,$193, 26 ,$200, 29 ,$225, 23 ,$225, 20 ,$238, 18 ,$228, 20 ,$210, 25 ,$230, 17 ,$240, 26 ,$245, 18 ,$245, 32 ,$218, 26 ,$230, 15 ,$220, 33 ,$270, 24 ,$220, 27 ,$230, 19 ,$285, 32 ,$265, 21 ,$255, 28 ,$250, 16 ,$245, 23 ,$245, 31 ,$260, 18 ,$258, 24 ,$280, 24 ,$250, 27 ,$280, 24 ,$270, 31 ,$310, 24 ,$255
,Maribyrnong, 124 ,$95, 120 ,$95, 120 ,$95, 132 ,$95, 109 ,$95, 111 ,$95, 101 ,$100, 138 ,$100, 102 ,$100, 90 ,$105, 108 ,$105, 118 ,$110, 97 ,$110, 108 ,$120, 99 ,$110, 115 ,$115, 105 ,$120, 123 ,$120, 113 ,$120, 130 ,$125, 96 ,$120, 129 ,$125, 117 ,$125, 113 ,$130, 107 ,$130, 114 ,$130, 86 ,$128, 119 ,$135, 98 ,$133, 104 ,$135, 91 ,$135, 113 ,$150, 111 ,$170, 132 ,$160, 112 ,$160, 151 ,$195, 107 ,$195, 132 ,$195, 112 ,$190, 156 ,$195, 131 ,$195, 175 ,$195, 111 ,$195, 195 ,$200, 131 ,$200, 148 ,$200, 136 ,$210, 217 ,$215, 153 ,$210, 168 ,$223, 155 ,$230, 208 ,$220, 134 ,$230, 167 ,$220, 163 ,$230, 228 ,$230, 223 ,$240, 218 ,$230, 173 ,$249, 230 ,$230, 185 ,$255, 237 ,$256, 259 ,$253, 280 ,$249, 219 ,$250, 223 ,$260, 218 ,$250, 235 ,$240, 185 ,$250, 251 ,$280, 226 ,$260, 330 ,$296, 192 ,$260, 227 ,$300, 186 ,$270, 329 ,$275, 199 ,$275, 257 ,$282, 226 ,$300, 282 ,$275, 213 ,$281, 224 ,$310, 351 ,$350, 305 ,$300, 199 ,$285, 201 ,$295
,Melbourne, 325 ,$180, 428 ,$195, 392 ,$199, 532 ,$200, 445 ,$215, 518 ,$220, 488 ,$220, 727 ,$220, 486 ,$240, 592 ,$245, 553 ,$240, 869 ,$240, 496 ,$245, 613 ,$250, 535 ,$240," 1,152 ",$250, 660 ,$250, 744 ,$255, 735 ,$250," 1,414 ",$260, 743 ,$254," 1,039 ",$250, 841 ,$260," 1,736 ",$264," 1,041 ",$270," 1,405 ",$265," 1,014 ",$270," 2,050 ",$265," 1,287 ",$280," 1,335 ",$275," 1,090 ",$280," 2,084 ",$280," 1,181 ",$300," 1,310 ",$300, 914 ,$300," 1,876 ",$290," 1,810 ",$300," 1,270 ",$325," 1,051 ",$340," 2,492 ",$320," 1,259 ",$360," 1,847 ",$350," 1,192 ",$350," 2,641 ",$340," 1,187 ",$355," 1,630 ",$355," 1,229 ",$370," 2,734 ",$340," 1,238 ",$370," 1,686 ",$360," 1,371 ",$375," 3,285 ",$330," 1,261 ",$370," 1,890 ",$360," 1,469 ",$370," 3,295 ",$350," 1,729 ",$380," 2,202 ",$360," 1,735 ",$370," 3,715 ",$350," 1,755 ",$370," 2,700 ",$360," 1,849 ",$380," 4,769 ",$355," 1,791 ",$380," 2,901 ",$370," 2,257 ",$370," 4,635 ",$355," 2,048 ",$390," 3,077 ",$380," 2,038 ",$390," 4,746 ",$390," 2,054 ",$410," 3,146 ",$400," 2,340 ",$413," 4,200 ",$405," 2,042 ",$420," 3,217 ",$420," 2,119 ",$430," 4,063 ",$420," 2,117 ",$435," 3,646 ",$425," 2,336 ",$420," 5,352 ",$414," 2,260 ",$375," 3,134 ",$350
,Melton, - ,-, - ,-, - ,-, - ,-, - ,-, - ,-, - ,-, - ,-, - ,-, - ,-, - ,-, - ,-, - ,-, - ,-, - ,-, - ,-, - ,-, - ,-, - ,-, - ,-, - ,-, - ,-, - ,-, - ,-, - ,-, - ,-, - ,-, - ,-, - ,-, - ,-, - ,-, - ,-, - ,-, - ,-, - ,-, 5 ,$227, 6 ,$227, 8 ,$229, 7 ,$286, 12 ,$294, 12 ,$297, 11 ,$260, - ,-, 7 ,$240, 13 ,$290, 7 ,$277, 7 ,$261, 8 ,$309, 14 ,$294, 11 ,$274, 8 ,$274, 9 ,$281, 12 ,$281, 16 ,$284, 10 ,$284, 7 ,$290, 13 ,$290, - ,-, 5 ,$298, 9 ,$301, 14 ,$301, 12 ,$301, 11 ,$310, 9 ,$280, 10 ,$314, 19 ,$314, 5 ,$313, 11 ,$314, 6 ,$322, 9 ,$314, 9 ,$314, 14 ,$317, 13 ,$320, 9 ,$320, 9 ,$328, 13 ,$328, 7 ,$328, 6 ,$333, 9 ,$338, 5 ,$326, 10 ,$338, 12 ,$305, 9 ,$310, 7 ,$346, 9 ,$345, 3 ,$346
,Moonee Valley, 170 ,$115, 160 ,$115, 152 ,$120, 213 ,$120, 176 ,$125, 166 ,$125, 141 ,$120, 205 ,$125, 147 ,$130, 154 ,$130, 136 ,$130, 178 ,$135, 181 ,$140, 190 ,$140, 150 ,$140, 175 ,$140, 156 ,$143, 170 ,$140, 148 ,$145, 175 ,$150, 149 ,$150, 170 ,$145, 139 ,$150, 189 ,$150, 179 ,$155, 195 ,$155, 139 ,$155, 184 ,$162, 131 ,$165, 143 ,$165, 149 ,$170, 166 ,$170, 139 ,$190, 145 ,$180, 96 ,$190, 145 ,$200, 163 ,$220, 133 ,$210, 145 ,$230, 127 ,$220, 116 ,$230, 139 ,$230, 146 ,$240, 140 ,$233, 156 ,$250, 166 ,$250, 141 ,$240, 161 ,$260, 143 ,$260, 168 ,$260, 136 ,$252, 169 ,$275, 167 ,$270, 172 ,$250, 157 ,$255, 204 ,$265, 186 ,$260, 186 ,$260, 177 ,$265, 182 ,$273, 207 ,$280, 179 ,$277, 166 ,$270, 238 ,$280, 173 ,$290, 235 ,$280, 228 ,$288, 203 ,$290, 220 ,$300, 208 ,$293, 192 ,$285, 221 ,$300, 220 ,$310, 317 ,$350, 275 ,$325, 213 ,$315, 200 ,$320, 221 ,$320, 301 ,$350, 334 ,$363, 258 ,$340, 300 ,$330, 243 ,$330, 378 ,$350, 226 ,$336, 209 ,$330
,Moreland, 202 ,$110, 229 ,$110, 228 ,$115, 301 ,$120, 241 ,$120, 218 ,$120, 189 ,$120, 261 ,$123, 188 ,$125, 209 ,$130, 188 ,$130, 251 ,$130, 231 ,$132, 210 ,$132, 202 ,$135, 318 ,$140, 240 ,$140, 217 ,$140, 186 ,$140, 310 ,$145, 182 ,$145, 231 ,$147, 203 ,$145, 276 ,$150, 235 ,$150, 236 ,$150, 216 ,$150, 252 ,$150, 178 ,$150, 206 ,$160, 168 ,$160, 262 ,$171, 186 ,$175, 209 ,$180, 156 ,$188, 293 ,$200, 215 ,$210, 226 ,$220, 217 ,$210, 299 ,$230, 206 ,$240, 241 ,$240, 232 ,$240, 291 ,$240, 212 ,$250, 262 ,$250, 279 ,$254, 305 ,$260, 271 ,$260, 352 ,$270, 302 ,$255, 365 ,$260, 241 ,$270, 271 ,$265, 259 ,$269, 442 ,$270, 305 ,$280, 328 ,$270, 342 ,$280, 425 ,$280, 354 ,$290, 439 ,$295, 336 ,$290, 462 ,$280, 300 ,$280, 407 ,$300, 342 ,$290, 423 ,$300, 370 ,$300, 526 ,$330, 371 ,$300, 469 ,$310, 376 ,$320, 369 ,$325, 399 ,$335, 442 ,$330, 425 ,$340, 522 ,$360, 384 ,$345, 468 ,$340, 348 ,$350, 438 ,$355, 366 ,$345, 447 ,$350, 464 ,$360, 344 ,$350
,Nillumbik, 5 ,$115, - ,-, 7 ,$110, - ,-, 5 ,$120, - ,-, 6 ,$105, 5 ,$133, - ,-, 9 ,$115, - ,-, 5 ,$135, 5 ,$140, 11 ,$150, 5 ,$150, 10 ,$156, 7 ,$155, - ,-, - ,-, 5 ,$120, - ,-, 6 ,$145, - ,-, 6 ,$175, 5 ,$155, - ,-, 5 ,$160, 5 ,$150, 5 ,$175, 7 ,$150, 9 ,$160, 7 ,$160, 11 ,$165, - ,-, - ,-, - ,-, - ,-, - ,-, 8 ,$190, - ,-, 6 ,$245, 6 ,$175, 5 ,$175, 8 ,$235, - ,-, - ,-, 6 ,$213, 8 ,$190, 7 ,$250, 5 ,$250, - ,-, 7 ,$190, 6 ,$130, - ,-, - ,-, 8 ,$220, - ,-, - ,-, - ,-, - ,-, 6 ,$200, - ,-, - ,-, 14 ,$270, - ,-, 8 ,$230, 8 ,$215, - ,-, 8 ,$275, 6 ,$227, - ,-, 6 ,$283, - ,-, - ,-, 7 ,$285, - ,-, 6 ,$268, 10 ,$325, 3 ,$350, 4 ,$323, 7 ,$300, 7 ,$285, 5 ,$320, 10 ,$330, 7 ,$300, 6 ,$318
,Whittlesea, - ,-, 5 ,$125, - ,-, 6 ,$98, - ,-, 16 ,$95, 7 ,$100, 7 ,$105, 5 ,$95, - ,-, - ,-, - ,-, 7 ,$120, 6 ,$93, - ,-, 5 ,$130, - ,-, - ,-, - ,-, 12 ,$150, 6 ,$148, 7 ,$135, - ,-, - ,-, 7 ,$160, 8 ,$163, 7 ,$135, 9 ,$170, 9 ,$145, 5 ,$160, 7 ,$200, 5 ,$170, 7 ,$160, - ,-, 7 ,$170, 7 ,$200, 5 ,$190, 6 ,$220, - ,-, 9 ,$220, 11 ,$220, 14 ,$240, 5 ,$170, 10 ,$235, 12 ,$235, 14 ,$270, 15 ,$240, 7 ,$250, 8 ,$230, 23 ,$260, 19 ,$265, 19 ,$250, 19 ,$250, 11 ,$260, 16 ,$255, 25 ,$270, 19 ,$260, 27 ,$270, 26 ,$275, 29 ,$275, 22 ,$263, 37 ,$277, 25 ,$270, 36 ,$270, 44 ,$268, 35 ,$280, 23 ,$275, 25 ,$275, 19 ,$270, 40 ,$278, 34 ,$280, 31 ,$280, 40 ,$285, 25 ,$295, 31 ,$290, 34 ,$290, 24 ,$298, 17 ,$300, 19 ,$300, 21 ,$310, 23 ,$295, 30 ,$300, 28 ,$305, 17 ,$300, 21 ,$300, 24 ,$310
,Wyndham, - ,-, 6 ,$95, - ,-, - ,-, 6 ,$108, 5 ,$110, 9 ,$110, 6 ,$118, 9 ,$125, 5 ,$125, - ,-, - ,-, 5 ,$125, 10 ,$125, 5 ,$110, 5 ,$100, 5 ,$125, - ,-, 6 ,$110, 5 ,$120, 9 ,$125, - ,-, 6 ,$113, - ,-, 10 ,$130, 7 ,$135, 6 ,$133, 7 ,$135, 10 ,$143, - ,-, 8 ,$130, 11 ,$145, 5 ,$155, 9 ,$160, - ,-, 6 ,$145, 9 ,$160, 5 ,$165, 8 ,$155, 10 ,$185, 22 ,$190, 8 ,$235, 10 ,$220, 15 ,$185, 13 ,$195, 15 ,$210, 6 ,$198, 6 ,$200, 10 ,$213, 13 ,$215, 13 ,$230, 7 ,$225, 8 ,$212, 10 ,$205, 16 ,$230, 12 ,$200, 14 ,$205, 9 ,$230, 9 ,$200, 11 ,$230, 6 ,$253, 27 ,$260, 13 ,$250, 11 ,$210, 8 ,$238, 20 ,$285, 21 ,$260, 15 ,$255, 9 ,$230, 18 ,$245, 17 ,$240, 9 ,$290, 16 ,$290, 14 ,$250, 14 ,$265, 18 ,$258, 26 ,$290, 19 ,$305, 16 ,$290, 12 ,$308, 18 ,$293, 20 ,$300, 33 ,$270, 18 ,$290, 16 ,$290, 19 ,$290
,Yarra, 274 ,$140, 291 ,$135, 278 ,$140, 331 ,$140, 291 ,$150, 338 ,$150, 275 ,$150, 394 ,$160, 289 ,$160, 335 ,$170, 265 ,$165, 399 ,$170, 333 ,$170, 339 ,$170, 260 ,$170, 406 ,$180, 287 ,$175, 354 ,$180, 288 ,$178, 388 ,$180, 254 ,$178, 361 ,$185, 308 ,$185, 393 ,$185, 291 ,$180, 346 ,$190, 311 ,$200, 382 ,$200, 274 ,$200, 289 ,$200, 267 ,$200, 327 ,$220, 253 ,$230, 278 ,$225, 266 ,$240, 387 ,$270, 354 ,$278, 283 ,$250, 251 ,$265, 364 ,$265, 298 ,$280, 285 ,$275, 307 ,$295, 382 ,$280, 288 ,$295, 343 ,$290, 323 ,$295, 395 ,$300, 309 ,$320, 345 ,$310, 368 ,$322, 487 ,$340, 443 ,$340, 449 ,$320, 327 ,$320, 468 ,$320, 417 ,$340, 467 ,$345, 435 ,$350, 556 ,$340, 460 ,$350, 679 ,$350, 474 ,$350, 566 ,$350, 551 ,$360, 690 ,$350, 541 ,$360, 733 ,$370, 557 ,$375, 599 ,$360, 594 ,$370, 698 ,$380, 513 ,$390, 518 ,$380, 536 ,$393, 644 ,$400, 581 ,$400, 624 ,$400, 563 ,$410, 678 ,$400, 526 ,$410, 695 ,$410, 582 ,$405, 705 ,$410, 512 ,$380, 510 ,$370
,Group Total," 1,535 ",$120," 1,630 ",$125," 1,587 ",$125," 2,020 ",$130," 1,675 ",$130," 1,829 ",$135," 1,588 ",$135," 2,205 ",$145," 1,680 ",$145," 1,805 ",$150," 1,667 ",$150," 2,271 ",$160," 1,770 ",$150," 1,910 ",$160," 1,671 ",$160," 2,667 ",$175," 1,891 ",$165," 2,019 ",$170," 1,835 ",$170," 2,943 ",$190," 1,792 ",$180," 2,430 ",$183," 2,020 ",$185," 3,241 ",$210," 2,337 ",$190," 2,766 ",$200," 2,143 ",$200," 3,513 ",$215," 2,385 ",$210," 2,570 ",$210," 2,135 ",$210," 3,549 ",$230," 2,306 ",$235," 2,536 ",$230," 1,970 ",$230," 3,388 ",$250," 3,034 ",$270," 2,514 ",$260," 2,201 ",$270," 3,991 ",$290," 2,434 ",$300," 3,189 ",$300," 2,389 ",$290," 4,231 ",$300," 2,408 ",$300," 3,051 ",$300," 2,599 ",$300," 4,426 ",$310," 2,547 ",$300," 3,243 ",$310," 2,787 ",$310," 5,167 ",$310," 2,759 ",$310," 3,533 ",$310," 2,871 ",$320," 5,296 ",$320," 3,400 ",$330," 4,050 ",$325," 3,413 ",$330," 5,731 ",$330," 3,499 ",$320," 4,865 ",$330," 3,582 ",$336," 7,095 ",$330," 3,548 ",$340," 5,172 ",$340," 4,139 ",$340," 6,984 ",$340," 3,945 ",$350," 5,329 ",$350," 4,037 ",$350," 7,289 ",$365," 4,007 ",$370," 5,215 ",$375," 4,286 ",$380," 6,573 ",$385," 4,057 ",$380," 5,480 ",$390," 4,197 ",$385," 6,476 ",$393," 3,990 ",$390," 6,030 ",$395," 4,491 ",$389," 7,916 ",$390," 4,175 ",$355," 4,868 ",$350
Eastern Metro,Boroondara, 155 ,$140, 200 ,$140, 188 ,$148, 219 ,$145, 168 ,$150, 213 ,$150, 166 ,$150, 244 ,$155, 166 ,$160, 173 ,$160, 171 ,$160, 228 ,$160, 189 ,$170, 180 ,$170, 156 ,$170, 250 ,$165, 183 ,$170, 196 ,$170, 204 ,$170, 270 ,$180, 172 ,$180, 192 ,$180, 177 ,$180, 282 ,$190, 206 ,$190, 234 ,$190, 162 ,$190, 349 ,$195, 202 ,$190, 218 ,$200, 178 ,$195, 430 ,$190, 235 ,$200, 240 ,$210, 175 ,$220, 388 ,$220, 250 ,$230, 274 ,$231, 223 ,$270, 468 ,$250, 257 ,$265, 311 ,$260, 244 ,$268, 439 ,$250, 272 ,$260, 247 ,$275, 248 ,$285, 425 ,$265, 373 ,$275, 405 ,$279, 270 ,$285, 556 ,$279, 300 ,$289, 409 ,$289, 278 ,$295, 576 ,$289, 352 ,$295, 472 ,$280, 280 ,$297, 586 ,$270, 369 ,$310, 590 ,$310, 275 ,$300, 665 ,$280, 326 ,$325, 489 ,$315, 464 ,$340, 757 ,$285, 355 ,$320, 497 ,$315, 439 ,$340, 730 ,$310, 369 ,$350, 503 ,$330, 357 ,$350, 679 ,$310, 358 ,$360, 435 ,$340, 347 ,$360, 762 ,$320, 321 ,$370, 390 ,$350, 343 ,$351, 674 ,$330, 287 ,$355, 306 ,$340
,Knox, 14 ,$105, 15 ,$120, 17 ,$115, 23 ,$110, 8 ,$115, 18 ,$125, 13 ,$120, 14 ,$123, 12 ,$120, 12 ,$120, 13 ,$115, 19 ,$120, 9 ,$120, 20 ,$118, 17 ,$120, 14 ,$140, 13 ,$130, 14 ,$138, 13 ,$135, 19 ,$135, 14 ,$130, 24 ,$138, 12 ,$128, 15 ,$140, 16 ,$143, 10 ,$150, 12 ,$140, 20 ,$148, 15 ,$140, 15 ,$150, 13 ,$150, 15 ,$145, 16 ,$170, 12 ,$180, 13 ,$160, 18 ,$168, 12 ,$180, 20 ,$193, 12 ,$188, 17 ,$220, 16 ,$198, 8 ,$215, 7 ,$195, 13 ,$205, 8 ,$198, 14 ,$200, 19 ,$220, 17 ,$200, 14 ,$220, 15 ,$200, 24 ,$195, 26 ,$208, 46 ,$195, 15 ,$200, 16 ,$250, 14 ,$290, 22 ,$210, 15 ,$248, 13 ,$215, 28 ,$245, 21 ,$220, 13 ,$210, 14 ,$295, 24 ,$293, 14 ,$235, 35 ,$310, 59 ,$290, 25 ,$300, 18 ,$300, 20 ,$280, 14 ,$308, 26 ,$305, 33 ,$310, 22 ,$270, 26 ,$310, 19 ,$330, 28 ,$308, 22 ,$295, 25 ,$320, 32 ,$320, 20 ,$330, 29 ,$305, 28 ,$330, 54 ,$345, 26 ,$323, 26 ,$350
,Manningham, 13 ,$125, 13 ,$130, 12 ,$120, 21 ,$130, 12 ,$130, 17 ,$125, 16 ,$140, 9 ,$140, 21 ,$140, 8 ,$150, 19 ,$150, 13 ,$150, 10 ,$155, 17 ,$150, 16 ,$158, 16 ,$138, 13 ,$149, 14 ,$163, 15 ,$145, 18 ,$145, 18 ,$153, 14 ,$158, 13 ,$165, 19 ,$150, 14 ,$165, 8 ,$148, 13 ,$180, 13 ,$175, 19 ,$160, 14 ,$238, 9 ,$175, 15 ,$195, 25 ,$280, 17 ,$240, 8 ,$218, 14 ,$180, 18 ,$218, 15 ,$230, 13 ,$250, 18 ,$265, 14 ,$233, 18 ,$278, 12 ,$235, 19 ,$250, 18 ,$245, 14 ,$335, 15 ,$295, 23 ,$335, 12 ,$253, 32 ,$253, 23 ,$245, 24 ,$325, 39 ,$345, 46 ,$350, 22 ,$350, 33 ,$350, 36 ,$350, 23 ,$280, 26 ,$350, 26 ,$350, 22 ,$330, 25 ,$350, 27 ,$350, 45 ,$350, 26 ,$355, 49 ,$350, 26 ,$360, 35 ,$350, 62 ,$350, 51 ,$350, 38 ,$350, 62 ,$350, 54 ,$368, 50 ,$360, 39 ,$360, 56 ,$370, 36 ,$363, 74 ,$370, 51 ,$370, 55 ,$375, 50 ,$380, 69 ,$380, 54 ,$370, 56 ,$380, 40 ,$353, 51 ,$350
,Maroondah, 22 ,$115, 19 ,$120, 21 ,$115, 23 ,$115, 32 ,$124, 15 ,$120, 15 ,$125, 21 ,$120, 30 ,$125, 23 ,$130, 20 ,$130, 25 ,$130, 17 ,$130, 20 ,$133, 17 ,$125, 26 ,$120, 22 ,$123, 22 ,$138, 20 ,$145, 17 ,$125, 15 ,$135, 20 ,$128, 20 ,$138, 16 ,$133, 15 ,$135, 24 ,$140, 17 ,$155, 23 ,$160, 16 ,$180, 17 ,$180, 20 ,$170, 22 ,$175, 29 ,$165, 16 ,$205, 14 ,$188, 9 ,$160, 24 ,$195, 21 ,$200, 15 ,$225, 18 ,$200, 25 ,$190, 17 ,$210, 17 ,$230, 13 ,$200, 27 ,$210, 16 ,$223, 18 ,$208, 42 ,$195, 25 ,$240, 24 ,$198, 17 ,$235, 28 ,$235, 16 ,$235, 22 ,$213, 23 ,$230, 25 ,$250, 17 ,$245, 23 ,$250, 20 ,$250, 20 ,$235, 21 ,$260, 30 ,$275, 21 ,$250, 23 ,$270, 23 ,$280, 26 ,$273, 22 ,$288, 18 ,$280, 25 ,$270, 18 ,$288, 30 ,$313, 22 ,$283, 34 ,$293, 15 ,$305, 32 ,$300, 28 ,$310, 17 ,$300, 22 ,$308, 19 ,$320, 20 ,$323, 32 ,$350, 26 ,$320, 32 ,$323, 30 ,$320, 25 ,$320, 18 ,$320
,Monash, 19 ,$120, 15 ,$165, 19 ,$125, 31 ,$150, 20 ,$128, 24 ,$133, 14 ,$133, 38 ,$143, 16 ,$138, 14 ,$165, 19 ,$125, 42 ,$158, 17 ,$130, 21 ,$140, 17 ,$150, 39 ,$155, 18 ,$143, 29 ,$135, 18 ,$175, 84 ,$155, 12 ,$153, 30 ,$140, 26 ,$148, 88 ,$163, 39 ,$180, 51 ,$135, 28 ,$173, 76 ,$198, 19 ,$160, 35 ,$205, 36 ,$220, 81 ,$210, 35 ,$190, 22 ,$208, 30 ,$220, 57 ,$195, 43 ,$230, 39 ,$280, 38 ,$250, 67 ,$250, 42 ,$283, 55 ,$290, 42 ,$253, 105 ,$260, 94 ,$263, 105 ,$250, 100 ,$260, 115 ,$260, 61 ,$290, 91 ,$275, 73 ,$285, 138 ,$255, 84 ,$230, 85 ,$250, 76 ,$275, 217 ,$250, 85 ,$280, 156 ,$233, 79 ,$260, 270 ,$243, 113 ,$310, 111 ,$300, 102 ,$280, 284 ,$268, 106 ,$300, 128 ,$303, 118 ,$310, 289 ,$265, 109 ,$310, 136 ,$283, 107 ,$290, 250 ,$263, 115 ,$350, 130 ,$310, 114 ,$310, 237 ,$280, 128 ,$330, 125 ,$300, 136 ,$345, 255 ,$300, 95 ,$340, 132 ,$295, 118 ,$350, 326 ,$330, 139 ,$350, 172 ,$300
,Whitehorse, 51 ,$125, 41 ,$120, 63 ,$135, 87 ,$135, 72 ,$140, 57 ,$132, 49 ,$135, 76 ,$137, 39 ,$135, 42 ,$135, 46 ,$130, 75 ,$145, 54 ,$130, 49 ,$150, 43 ,$140, 60 ,$144, 38 ,$150, 41 ,$150, 49 ,$150, 52 ,$150, 46 ,$160, 46 ,$151, 46 ,$160, 41 ,$170, 39 ,$165, 44 ,$158, 39 ,$165, 54 ,$165, 43 ,$165, 49 ,$175, 37 ,$180, 126 ,$195, 78 ,$200, 58 ,$200, 47 ,$210, 134 ,$210, 66 ,$215, 77 ,$220, 63 ,$220, 253 ,$225, 153 ,$220, 138 ,$230, 84 ,$228, 196 ,$230, 103 ,$231, 96 ,$231, 78 ,$230, 242 ,$235, 163 ,$215, 129 ,$231, 100 ,$242, 248 ,$240, 106 ,$230, 141 ,$230, 138 ,$242, 295 ,$250, 148 ,$240, 169 ,$230, 155 ,$270, 372 ,$225, 179 ,$255, 193 ,$230, 156 ,$240, 396 ,$225, 147 ,$260, 196 ,$255, 170 ,$270, 403 ,$230, 199 ,$320, 182 ,$290, 254 ,$280, 414 ,$235, 220 ,$333, 250 ,$300, 300 ,$350, 477 ,$245, 190 ,$345, 243 ,$310, 190 ,$325, 410 ,$255, 170 ,$353, 260 ,$340, 249 ,$360, 515 ,$265, 226 ,$332, 200 ,$320
,Yarra Ranges, 30 ,$118, 44 ,$115, 34 ,$115, 36 ,$110, 33 ,$115, 41 ,$115, 44 ,$118, 35 ,$115, 37 ,$125, 50 ,$123, 43 ,$115, 36 ,$125, 54 ,$125, 40 ,$120, 30 ,$120, 29 ,$130, 47 ,$125, 45 ,$130, 34 ,$128, 41 ,$130, 40 ,$128, 54 ,$130, 31 ,$135, 37 ,$135, 31 ,$135, 42 ,$140, 29 ,$135, 25 ,$140, 30 ,$130, 43 ,$140, 28 ,$145, 35 ,$145, 31 ,$145, 40 ,$150, 41 ,$155, 36 ,$150, 36 ,$170, 22 ,$170, 30 ,$172, 28 ,$200, 33 ,$170, 32 ,$180, 45 ,$180, 32 ,$193, 27 ,$190, 30 ,$195, 32 ,$195, 31 ,$200, 35 ,$200, 21 ,$200, 29 ,$200, 33 ,$210, 29 ,$210, 36 ,$206, 41 ,$200, 37 ,$230, 37 ,$200, 25 ,$230, 28 ,$210, 31 ,$220, 32 ,$234, 32 ,$238, 35 ,$225, 19 ,$230, 24 ,$225, 34 ,$238, 31 ,$220, 40 ,$240, 26 ,$230, 27 ,$250, 28 ,$233, 31 ,$250, 29 ,$255, 25 ,$260, 28 ,$255, 28 ,$250, 27 ,$245, 32 ,$260, 22 ,$265, 23 ,$270, 21 ,$250, 34 ,$258, 23 ,$290, 24 ,$280, 17 ,$260, 14 ,$260
,Group Total, 304 ,$126, 347 ,$130, 354 ,$139, 440 ,$135, 345 ,$140, 385 ,$140, 317 ,$140, 437 ,$145, 321 ,$145, 322 ,$150, 331 ,$140, 438 ,$150, 350 ,$150, 347 ,$150, 296 ,$150, 434 ,$151, 334 ,$156, 361 ,$160, 353 ,$160, 501 ,$160, 317 ,$165, 380 ,$160, 325 ,$165, 498 ,$175, 360 ,$180, 413 ,$170, 300 ,$180, 560 ,$190, 344 ,$180, 391 ,$190, 321 ,$190, 724 ,$190, 449 ,$195, 405 ,$200, 328 ,$210, 656 ,$210, 449 ,$220, 468 ,$220, 394 ,$243, 869 ,$230, 540 ,$235, 579 ,$250, 451 ,$240, 817 ,$240, 549 ,$250, 522 ,$250, 510 ,$260, 895 ,$245, 683 ,$250, 717 ,$263, 536 ,$260," 1,053 ",$255, 620 ,$255, 754 ,$270, 594 ,$270," 1,197 ",$270, 697 ,$270, 883 ,$250, 601 ,$280," 1,333 ",$250, 757 ,$300, 994 ,$295, 630 ,$280," 1,456 ",$260, 666 ,$300, 957 ,$300, 890 ,$315," 1,567 ",$270, 794 ,$318, 931 ,$300, 910 ,$320," 1,535 ",$285, 854 ,$340, 995 ,$320, 896 ,$333," 1,524 ",$295, 784 ,$345, 953 ,$330, 790 ,$350," 1,557 ",$310, 709 ,$360, 940 ,$340, 847 ,$350," 1,679 ",$318, 760 ,$350, 787 ,$335
Southern Metro,Bayside, 23 ,$135, 18 ,$144, 26 ,$150, 21 ,$125, 21 ,$150, 27 ,$150, 19 ,$140, 16 ,$158, 16 ,$153, 11 ,$140, 20 ,$160, 19 ,$145, 23 ,$150, 21 ,$160, 15 ,$180, 18 ,$165, 15 ,$160, 21 ,$170, 12 ,$153, 30 ,$155, 21 ,$170, 27 ,$175, 18 ,$200, 27 ,$170, 27 ,$200, 29 ,$185, 21 ,$225, 27 ,$210, 22 ,$203, 44 ,$255, 29 ,$220, 34 ,$255, 33 ,$250, 32 ,$255, 28 ,$230, 16 ,$288, 25 ,$280, 23 ,$295, 22 ,$275, 31 ,$295, 28 ,$305, 19 ,$330, 28 ,$300, 21 ,$320, 23 ,$320, 23 ,$330, 27 ,$310, 31 ,$330, 56 ,$320, 47 ,$330, 37 ,$320, 48 ,$320, 24 ,$338, 39 ,$320, 55 ,$320, 54 ,$323, 48 ,$310, 50 ,$330, 42 ,$330, 54 ,$345, 49 ,$335, 55 ,$320, 64 ,$310, 108 ,$318, 52 ,$300, 71 ,$315, 76 ,$330, 81 ,$350, 72 ,$360, 135 ,$370, 77 ,$350, 71 ,$340, 87 ,$360, 75 ,$360, 68 ,$380, 75 ,$360, 83 ,$365, 67 ,$380, 87 ,$385, 69 ,$380, 58 ,$370, 77 ,$385, 78 ,$375, 67 ,$385, 58 ,$380, 50 ,$370
,Cardinia, - ,-, - ,-, 5 ,$110, - ,-, - ,-, - ,-, - ,-, - ,-, 5 ,$120, 5 ,$110, - ,-, - ,-, - ,-, - ,-, - ,-, - ,-, - ,-, - ,-, 5 ,$115, 6 ,$138, - ,-, - ,-, - ,-, - ,-, - ,-, - ,-, - ,-, 6 ,$130, - ,-, - ,-, - ,-, - ,-, - ,-, 5 ,$180, - ,-, - ,-, - ,-, - ,-, - ,-, 5 ,$165, 6 ,$183, 5 ,$152, 7 ,$185, 5 ,$185, 7 ,$225, 5 ,$170, - ,-, - ,-, - ,-, 6 ,$200, - ,-, - ,-, 5 ,$134, 5 ,$250, 7 ,$240, - ,-, - ,-, - ,-, 7 ,$230, - ,-, 6 ,$180, 5 ,$150, - ,-, 8 ,$220, - ,-, - ,-, - ,-, - ,-, - ,-, - ,-, - ,-, - ,-, - ,-, 7 ,$230, 6 ,$220, - ,-, - ,-, 7 ,$235, 4 ,$240, -   ,., 2 ,$193, 2 ,$268, 4 ,$265, 3 ,$150, 4 ,$223, 4 ,$200
,Casey, 14 ,$98, 6 ,$105, - ,-, 5 ,$125, 7 ,$125, 16 ,$125, - ,-, 7 ,$110, 11 ,$140, 9 ,$156, 13 ,$125, 14 ,$156, 17 ,$156, 8 ,$161, 10 ,$123, 11 ,$120, 5 ,$115, 16 ,$135, 8 ,$125, 5 ,$120, 5 ,$120, 6 ,$130, - ,-, 8 ,$123, 12 ,$130, 5 ,$120, 5 ,$175, 5 ,$150, 12 ,$153, 7 ,$130, 6 ,$143, 11 ,$155, 12 ,$173, 8 ,$175, 11 ,$165, - ,-, 5 ,$165, 6 ,$188, 5 ,$230, 7 ,$180, 11 ,$210, 12 ,$195, 8 ,$228, 11 ,$215, 13 ,$200, 9 ,$205, 9 ,$180, 14 ,$215, 10 ,$225, 18 ,$198, 10 ,$208, 13 ,$225, 7 ,$195, 14 ,$218, 12 ,$240, 14 ,$230, 7 ,$220, 13 ,$220, 27 ,$220, 26 ,$235, 19 ,$240, 30 ,$257, 20 ,$245, 19 ,$260, 14 ,$240, 26 ,$258, 24 ,$243, 16 ,$232, 21 ,$232, 26 ,$240, 23 ,$250, 20 ,$260, 20 ,$240, 15 ,$260, 25 ,$270, 21 ,$260, 18 ,$260, 16 ,$260, 13 ,$270, 14 ,$265, 16 ,$263, 50 ,$280, 17 ,$270, 32 ,$280, 30 ,$273, 24 ,$283
,Frankston, 52 ,$95, 41 ,$95, 42 ,$100, 46 ,$95, 64 ,$100, 51 ,$95, 41 ,$100, 67 ,$105, 38 ,$105, 44 ,$105, 41 ,$105, 48 ,$105, 39 ,$110, 48 ,$110, 47 ,$110, 38 ,$110, 44 ,$115, 49 ,$110, 45 ,$115, 57 ,$115, 35 ,$115, 44 ,$120, 41 ,$115, 51 ,$115, 34 ,$125, 43 ,$120, 47 ,$115, 50 ,$130, 49 ,$145, 38 ,$125, 39 ,$145, 42 ,$133, 38 ,$143, 41 ,$145, 51 ,$155, 46 ,$148, 57 ,$155, 52 ,$163, 45 ,$170, 46 ,$169, 35 ,$180, 85 ,$160, 66 ,$170, 67 ,$175, 58 ,$173, 35 ,$185, 53 ,$200, 63 ,$185, 53 ,$195, 60 ,$195, 39 ,$190, 56 ,$190, 45 ,$185, 42 ,$182, 52 ,$200, 58 ,$193, 55 ,$210, 66 ,$200, 79 ,$210, 84 ,$240, 72 ,$216, 78 ,$220, 69 ,$220, 107 ,$215, 85 ,$225, 94 ,$235, 86 ,$223, 115 ,$210, 97 ,$220, 104 ,$230, 130 ,$227, 103 ,$230, 100 ,$233, 99 ,$225, 101 ,$245, 108 ,$240, 79 ,$240, 95 ,$240, 87 ,$245, 76 ,$250, 80 ,$253, 111 ,$250, 102 ,$250, 120 ,$250, 101 ,$240, 120 ,$253
,Glen Eira, 331 ,$125, 357 ,$125, 335 ,$130, 397 ,$130, 360 ,$135, 395 ,$135, 352 ,$135, 416 ,$135, 300 ,$140, 361 ,$140, 302 ,$140, 426 ,$145, 322 ,$145, 345 ,$145, 327 ,$150, 443 ,$150, 339 ,$150, 364 ,$150, 314 ,$150, 442 ,$160, 312 ,$155, 360 ,$160, 329 ,$160, 429 ,$165, 351 ,$165, 324 ,$165, 287 ,$165, 431 ,$170, 374 ,$180, 348 ,$180, 322 ,$183, 423 ,$185, 305 ,$190, 329 ,$200, 307 ,$200, 353 ,$210, 326 ,$220, 316 ,$230, 315 ,$225, 452 ,$230, 347 ,$230, 439 ,$240, 381 ,$240, 458 ,$250, 330 ,$250, 385 ,$250, 365 ,$250, 473 ,$260, 398 ,$260, 433 ,$265, 375 ,$265, 488 ,$265, 370 ,$270, 447 ,$265, 414 ,$260, 506 ,$265, 448 ,$270, 489 ,$265, 433 ,$270, 537 ,$262, 382 ,$280, 472 ,$270, 416 ,$270, 538 ,$276, 381 ,$275, 518 ,$280, 427 ,$275, 572 ,$280, 396 ,$280, 567 ,$290, 442 ,$295, 471 ,$300, 471 ,$295, 525 ,$295, 473 ,$300, 607 ,$300, 402 ,$310, 480 ,$313, 490 ,$315, 559 ,$315, 409 ,$310, 497 ,$320, 507 ,$340, 636 ,$320, 406 ,$318, 423 ,$300
,Greater Dandenong, 74 ,$100, 108 ,$100, 114 ,$99, 99 ,$100, 91 ,$100, 109 ,$100, 82 ,$105, 112 ,$105, 108 ,$105, 93 ,$105, 88 ,$105, 90 ,$107, 83 ,$110, 103 ,$110, 85 ,$110, 96 ,$110, 72 ,$110, 88 ,$115, 69 ,$110, 116 ,$115, 52 ,$120, 90 ,$120, 77 ,$120, 86 ,$120, 89 ,$120, 96 ,$125, 87 ,$125, 78 ,$125, 77 ,$130, 77 ,$130, 69 ,$135, 61 ,$135, 77 ,$145, 68 ,$145, 51 ,$150, 66 ,$150, 61 ,$165, 63 ,$165, 59 ,$180, 69 ,$180, 83 ,$180, 107 ,$190, 74 ,$195, 69 ,$190, 44 ,$200, 67 ,$200, 86 ,$200, 122 ,$200, 73 ,$205, 99 ,$205, 100 ,$210, 123 ,$210, 123 ,$200, 116 ,$210, 97 ,$220, 130 ,$210, 125 ,$210, 119 ,$210, 91 ,$210, 124 ,$220, 98 ,$220, 135 ,$220, 99 ,$225, 134 ,$220, 142 ,$215, 157 ,$250, 128 ,$230, 135 ,$220, 136 ,$230, 169 ,$230, 127 ,$230, 123 ,$230, 124 ,$233, 144 ,$240, 133 ,$250, 146 ,$240, 102 ,$250, 133 ,$250, 114 ,$250, 149 ,$250, 108 ,$260, 147 ,$260, 154 ,$260, 158 ,$260, 134 ,$260, 113 ,$260
,Kingston, 121 ,$110, 106 ,$110, 83 ,$110, 103 ,$115, 114 ,$120, 114 ,$120, 106 ,$120, 105 ,$120, 86 ,$120, 101 ,$120, 81 ,$125, 96 ,$130, 98 ,$130, 115 ,$130, 82 ,$130, 100 ,$130, 97 ,$130, 103 ,$135, 78 ,$148, 104 ,$140, 78 ,$135, 88 ,$140, 71 ,$150, 85 ,$140, 92 ,$150, 111 ,$145, 60 ,$150, 88 ,$153, 89 ,$150, 80 ,$160, 72 ,$164, 92 ,$170, 76 ,$178, 69 ,$175, 55 ,$180, 82 ,$190, 80 ,$205, 73 ,$205, 85 ,$205, 92 ,$210, 114 ,$220, 100 ,$225, 95 ,$230, 82 ,$233, 85 ,$230, 91 ,$230, 83 ,$245, 108 ,$250, 88 ,$250, 90 ,$250, 84 ,$250, 120 ,$258, 102 ,$260, 132 ,$250, 113 ,$255, 137 ,$255, 106 ,$260, 147 ,$265, 118 ,$270, 141 ,$260, 93 ,$275, 110 ,$258, 96 ,$280, 108 ,$265, 110 ,$273, 127 ,$290, 124 ,$280, 114 ,$290, 134 ,$280, 128 ,$297, 111 ,$285, 147 ,$280, 118 ,$295, 98 ,$313, 134 ,$295, 132 ,$300, 114 ,$300, 136 ,$320, 113 ,$300, 137 ,$315, 122 ,$300, 123 ,$325, 115 ,$305, 126 ,$320, 89 ,$315, 102 ,$305
,Mornington Penin'a, 18 ,$90, 26 ,$98, 27 ,$100, 19 ,$90, 15 ,$95, 24 ,$90, 18 ,$90, 18 ,$100, 23 ,$110, 17 ,$100, 16 ,$110, 19 ,$110, 20 ,$118, 18 ,$100, 18 ,$110, 8 ,$120, 17 ,$120, 9 ,$120, 10 ,$123, 15 ,$120, 10 ,$98, 13 ,$100, 18 ,$130, 15 ,$130, 15 ,$110, 15 ,$115, 8 ,$113, 14 ,$140, 13 ,$135, 18 ,$130, 11 ,$135, 9 ,$145, 18 ,$148, 11 ,$165, 11 ,$155, 16 ,$180, 12 ,$145, 13 ,$195, 12 ,$175, 16 ,$190, 22 ,$200, 24 ,$195, 20 ,$205, 20 ,$213, 20 ,$220, 17 ,$200, 13 ,$195, 20 ,$218, 15 ,$230, 22 ,$220, 14 ,$220, 28 ,$230, 22 ,$213, 20 ,$218, 19 ,$220, 25 ,$215, 24 ,$225, 16 ,$238, 21 ,$166, 10 ,$215, 10 ,$243, 23 ,$230, 12 ,$240, 19 ,$225, 17 ,$235, 27 ,$250, 20 ,$245, 10 ,$220, 16 ,$245, 23 ,$245, 14 ,$233, 11 ,$230, 19 ,$275, 15 ,$260, 15 ,$250, 11 ,$265, 5 ,$275, 17 ,$275, 9 ,$290, 13 ,$265, 11 ,$275, 6 ,$300, 9 ,$245, 11 ,$250, 11 ,$285, 18 ,$250
,Port Phillip, 679 ,$155, 806 ,$160, 725 ,$160, 825 ,$160, 729 ,$165, 834 ,$170, 777 ,$180, 899 ,$185, 808 ,$185, 870 ,$180, 786 ,$190, 933 ,$190, 795 ,$195, 968 ,$200, 789 ,$195, 993 ,$195, 816 ,$195, 936 ,$200, 812 ,$206, 920 ,$216, 752 ,$210, 976 ,$200, 875 ,$215," 1,026 ",$220, 855 ,$220, 945 ,$210, 778 ,$225, 841 ,$225, 690 ,$238, 884 ,$230, 803 ,$250, 812 ,$250, 771 ,$260, 820 ,$270, 740 ,$270, 878 ,$285, 778 ,$290, 905 ,$295, 742 ,$295, 719 ,$300, 673 ,$300, 696 ,$300, 712 ,$310, 726 ,$320, 680 ,$315, 778 ,$311, 670 ,$320, 710 ,$330, 680 ,$335, 799 ,$330, 640 ,$330, 775 ,$330, 683 ,$330, 752 ,$330, 749 ,$340, 872 ,$349, 775 ,$330, 876 ,$330, 841 ,$340, 833 ,$335, 740 ,$335, 832 ,$340, 719 ,$340, 880 ,$335, 703 ,$350, 862 ,$345, 769 ,$350, 823 ,$350, 818 ,$350, 802 ,$350, 719 ,$350, 882 ,$360, 756 ,$375, 825 ,$370, 674 ,$370, 880 ,$385, 694 ,$375, 793 ,$375, 683 ,$370, 736 ,$380, 714 ,$380, 733 ,$375, 686 ,$373, 754 ,$383, 755 ,$360, 647 ,$350
,Stonnington, 426 ,$155, 446 ,$155, 442 ,$155, 535 ,$163, 454 ,$165, 500 ,$170, 426 ,$170, 556 ,$170, 450 ,$170, 491 ,$175, 458 ,$175, 665 ,$180, 469 ,$180, 530 ,$180, 485 ,$180, 632 ,$180, 473 ,$185, 561 ,$190, 498 ,$190, 737 ,$190, 442 ,$190, 536 ,$195, 472 ,$200, 667 ,$195, 547 ,$200, 537 ,$197, 405 ,$195, 599 ,$200, 293 ,$205, 501 ,$200, 425 ,$215, 568 ,$211, 431 ,$240, 401 ,$235, 427 ,$245, 652 ,$240, 493 ,$265, 461 ,$270, 490 ,$270, 644 ,$265, 524 ,$280, 586 ,$280, 508 ,$295, 792 ,$285, 606 ,$300, 649 ,$300, 545 ,$300, 893 ,$295, 590 ,$305, 750 ,$320, 619 ,$330, 967 ,$310, 783 ,$330, 795 ,$320, 759 ,$320," 1,151 ",$300, 719 ,$325," 1,027 ",$325, 872 ,$340," 1,121 ",$310, 845 ,$330, 858 ,$330, 759 ,$335," 1,291 ",$320, 725 ,$340," 1,007 ",$350, 888 ,$350," 1,363 ",$320, 775 ,$350," 1,017 ",$350, 794 ,$360," 1,336 ",$340, 786 ,$370, 963 ,$375, 795 ,$375," 1,236 ",$345, 729 ,$380, 971 ,$380, 785 ,$380," 1,280 ",$360, 776 ,$395, 975 ,$390, 787 ,$395," 1,371 ",$360, 753 ,$350, 737 ,$350
,Group Total," 1,741 ",$140," 1,916 ",$140," 1,802 ",$145," 2,053 ",$145," 1,857 ",$150," 2,074 ",$150," 1,826 ",$155," 2,200 ",$160," 1,845 ",$160," 2,002 ",$160," 1,809 ",$165," 2,313 ",$170," 1,869 ",$165," 2,159 ",$170," 1,860 ",$170," 2,343 ",$175," 1,882 ",$172," 2,150 ",$175," 1,851 ",$180," 2,432 ",$180," 1,711 ",$180," 2,142 ",$180," 1,906 ",$185," 2,395 ",$185," 2,026 ",$190," 2,108 ",$185," 1,700 ",$190," 2,139 ",$190," 1,621 ",$195," 1,999 ",$200," 1,777 ",$210," 2,055 ",$210," 1,764 ",$225," 1,784 ",$230," 1,685 ",$240," 2,117 ",$240," 1,839 ",$250," 1,914 ",$260," 1,777 ",$260," 2,081 ",$260," 1,843 ",$265," 2,073 ",$265," 1,899 ",$275," 2,251 ",$275," 1,866 ",$285," 2,059 ",$285," 1,854 ",$290," 2,436 ",$280," 1,966 ",$295," 2,324 ",$300," 1,921 ",$300," 2,620 ",$295," 2,164 ",$308," 2,362 ",$295," 2,277 ",$300," 2,950 ",$295," 2,309 ",$300," 2,806 ",$300," 2,531 ",$310," 2,934 ",$300," 2,314 ",$310," 2,598 ",$300," 2,256 ",$310," 3,212 ",$300," 2,229 ",$310," 2,893 ",$320," 2,544 ",$320," 3,229 ",$310," 2,467 ",$320," 2,975 ",$320," 2,441 ",$330," 3,166 ",$325," 2,483 ",$340," 2,766 ",$340," 2,424 ",$350," 3,220 ",$335," 2,229 ",$350," 2,715 ",$350," 2,385 ",$350," 3,033 ",$350," 2,296 ",$350," 2,721 ",$350," 2,459 ",$359," 3,278 ",$349," 2,341 ",$340," 2,238 ",$325
Table Total,Victoria," 4,339 ",$120," 4,578 ",$125," 4,475 ",$130," 5,419 ",$130," 4,579 ",$132," 5,010 ",$135," 4,477 ",$135," 5,729 ",$140," 4,543 ",$145," 4,874 ",$150," 4,491 ",$150," 5,799 ",$155," 4,668 ",$150," 5,085 ",$155," 4,537 ",$150," 6,221 ",$164," 4,798 ",$160," 5,206 ",$165," 4,612 ",$165," 6,667 ",$170," 4,422 ",$170," 5,607 ",$170," 4,863 ",$170," 6,881 ",$185," 5,307 ",$180," 5,940 ",$180," 4,769 ",$180," 6,946 ",$195," 4,955 ",$190," 5,546 ",$195," 4,775 ",$200," 7,037 ",$205," 5,088 ",$210," 5,276 ",$215," 4,559 ",$220," 6,877 ",$230," 5,917 ",$250," 5,519 ",$250," 4,970 ",$250," 7,620 ",$260," 5,483 ",$260," 6,546 ",$265," 5,387 ",$265," 7,968 ",$275," 5,386 ",$275," 6,265 ",$280," 5,542 ",$280," 8,447 ",$280," 5,809 ",$280," 6,941 ",$290," 5,796 ",$290," 9,554 ",$290," 6,186 ",$295," 7,252 ",$290," 6,339 ",$295," 10,117 ",$299," 7,080 ",$300," 8,348 ",$300," 7,195 ",$300," 10,663 ",$300," 7,204 ",$300," 9,102 ",$310," 7,075 ",$310," 12,459 ",$310," 7,016 ",$315," 9,730 ",$320," 8,173 ",$320," 12,475 ",$315," 7,817 ",$330," 9,879 ",$330," 7,988 ",$330," 12,632 ",$340," 7,972 ",$350," 9,583 ",$350," 8,265 ",$350," 12,059 ",$350," 7,603 ",$360," 9,768 ",$360," 7,949 ",$360," 11,643 ",$360," 7,500 ",$369," 10,321 ",$370," 8,465 ",$360," 13,465 ",$365," 7,830 ",$350," 8,396 ",$330
,,,,,,,,,,,,,,,,,,,,,,,,,,,,,,,,,,,,,,,,,,,,,,,,,,,,,,,,,,,,,,,,,,,,,,,,,,,,,,,,,,,,,,,,,,,,,,,,,,,,,,,,,,,,,,,,,,,,,,,,,,,,,,,,,,,,,,,,,,,,,,,,,,,,,,,,,,,,,,,,,,,,,,,,,,,,,
METRO NON-METRO,Metro," 3,580 ",$130," 3,893 ",$135," 3,743 ",$135," 4,513 ",$140," 3,877 ",$140," 4,288 ",$145," 3,730 ",$150," 4,842 ",$150," 3,846 ",$150," 4,129 ",$160," 3,806 ",$160," 5,022 ",$165," 3,989 ",$160," 4,416 ",$165," 3,827 ",$165," 5,444 ",$170," 4,107 ",$170," 4,529 ",$170," 4,039 ",$170," 5,875 ",$180," 3,820 ",$180," 4,952 ",$180," 4,251 ",$180," 6,134 ",$195," 4,723 ",$186," 5,287 ",$190," 4,143 ",$195," 6,211 ",$200," 4,350 ",$200," 4,960 ",$200," 4,233 ",$210," 6,328 ",$215," 4,519 ",$225," 4,724 ",$225," 3,983 ",$230," 6,161 ",$240," 5,322 ",$260," 4,896 ",$255," 4,372 ",$260," 6,941 ",$270," 4,817 ",$271," 5,841 ",$280," 4,739 ",$280," 7,299 ",$280," 4,823 ",$285," 5,632 ",$290," 4,963 ",$290," 7,757 ",$290," 5,195 ",$295," 6,284 ",$300," 5,244 ",$300," 8,840 ",$300," 5,543 ",$300," 6,647 ",$300," 5,741 ",$300," 9,443 ",$300," 6,406 ",$310," 7,739 ",$305," 6,545 ",$318," 9,997 ",$310," 6,570 ",$310," 8,457 ",$320," 6,468 ",$320," 11,763 ",$315," 6,443 ",$320," 9,022 ",$330," 7,573 ",$330," 11,780 ",$320," 7,206 ",$340," 9,235 ",$340," 7,388 ",$340," 11,990 ",$350," 7,344 ",$350," 8,976 ",$360," 7,606 ",$360," 11,317 ",$360," 7,070 ",$370," 9,148 ",$370," 7,372 ",$370," 11,066 ",$370," 6,995 ",$375," 9,691 ",$380," 7,797 ",$375," 12,873 ",$370," 7,276 ",$350," 7,893 ",$340
,Non-Metro, 759 ,$80, 685 ,$80, 732 ,$80, 906 ,$80, 702 ,$80, 722 ,$85, 747 ,$85, 887 ,$85, 697 ,$85, 745 ,$85, 685 ,$85, 777 ,$85, 679 ,$90, 669 ,$90, 710 ,$90, 777 ,$90, 691 ,$95, 677 ,$95, 573 ,$95, 792 ,$95, 602 ,$95, 655 ,$97, 612 ,$100, 747 ,$100, 584 ,$100, 653 ,$100, 626 ,$100, 735 ,$105, 605 ,$110, 586 ,$110, 542 ,$110, 709 ,$110, 569 ,$115, 552 ,$115, 576 ,$115, 716 ,$120, 595 ,$120, 623 ,$120, 598 ,$125, 679 ,$125, 666 ,$130, 705 ,$130, 648 ,$130, 669 ,$130, 563 ,$135, 633 ,$140, 579 ,$135, 690 ,$145, 614 ,$150, 657 ,$150, 552 ,$150, 714 ,$150, 643 ,$150, 605 ,$155, 598 ,$155, 674 ,$160, 674 ,$160, 609 ,$160, 650 ,$160, 666 ,$165, 634 ,$165, 645 ,$165, 607 ,$170, 696 ,$175, 573 ,$170, 708 ,$180, 600 ,$175, 695 ,$175, 611 ,$175, 644 ,$180, 600 ,$180, 642 ,$180, 628 ,$180, 607 ,$180, 659 ,$180, 742 ,$185, 533 ,$180, 620 ,$180, 577 ,$190, 577 ,$195, 505 ,$195, 630 ,$195, 668 ,$195, 592 ,$200, 554 ,$205, 503 ,$210
,Victoria," 4,339 ",$120," 4,578 ",$125," 4,475 ",$130," 5,419 ",$130," 4,579 ",$132," 5,010 ",$135," 4,477 ",$135," 5,729 ",$140," 4,543 ",$145," 4,874 ",$150," 4,491 ",$150," 5,799 ",$155," 4,668 ",$150," 5,085 ",$155," 4,537 ",$150," 6,221 ",$164," 4,798 ",$160," 5,206 ",$165," 4,612 ",$165," 6,667 ",$170," 4,422 ",$170," 5,607 ",$170," 4,863 ",$170," 6,881 ",$185," 5,307 ",$180," 5,940 ",$180," 4,769 ",$180," 6,946 ",$195," 4,955 ",$190," 5,546 ",$195," 4,775 ",$200," 7,037 ",$205," 5,088 ",$210," 5,276 ",$215," 4,559 ",$220," 6,877 ",$230," 5,917 ",$250," 5,519 ",$250," 4,970 ",$250," 7,620 ",$260," 5,483 ",$260," 6,546 ",$265," 5,387 ",$265," 7,968 ",$275," 5,386 ",$275," 6,265 ",$280," 5,542 ",$280," 8,447 ",$280," 5,809 ",$280," 6,941 ",$290," 5,796 ",$290," 9,554 ",$290," 6,186 ",$295," 7,252 ",$290," 6,339 ",$295," 10,117 ",$299," 7,080 ",$300," 8,348 ",$300," 7,195 ",$300," 10,663 ",$300," 7,204 ",$300," 9,102 ",$310," 7,075 ",$310," 12,459 ",$310," 7,016 ",$315," 9,730 ",$320," 8,173 ",$320," 12,475 ",$315," 7,817 ",$330," 9,879 ",$330," 7,988 ",$330," 12,632 ",$340," 7,972 ",$350," 9,583 ",$350," 8,265 ",$350," 12,059 ",$350," 7,603 ",$360," 9,768 ",$360," 7,949 ",$360," 11,643 ",$360," 7,500 ",$369," 10,321 ",$370," 8,465 ",$360," 13,465 ",$365," 7,830 ",$350," 8,396 ",$330
